0,1,2,3,4,5,6,7,8,9
1372936384034447366,0,0,0.88,0.83,0.67,0,0,0.17,0
1327310308260667393,0,0,0.9,0.8,0.6,0,0,0.4,0
1334523148692312065,0,0,0.83,0.67,0.92,0,0,0,0
1324087921641721856,1,0,0,0,1,0,0,0,0
1313162243035607040,1,0,0,0,0.95,0,0,0.2,0
1357140892658798592,0,0,0.83,0.9,0,0,0,0.67,0
1375928615217545218,0,1,0,0.8,1,0,0,0,0
1321992651923742722,1,1,0,0,0.8,0,0,0,0
1340442042992877573,0,0,0.9,0.95,0.05,0,0,0.75,0
1363955305982402563,0,1,0.83,0.67,0.33,0,0,0.17,0
1357697991822503937,1,0,0,0,0.8,0,0,0,0
1374542539127103492,1,0,0,0,0.9,0,0,0.2,0
1375829438575779843,1,1,,,,,,,
1318708474591776768,1,0,0,0,1,0,0.4,0,0
1338521073961365506,1,0,0,0,1,0,0,0,0
1370187627765374980,0,0,0,0.8,0.9,0,0,0.2,0
1375105271907815424,1,0,0,0,0.8,0,0,0,0
1345391919095033863,0,0,0,0,0.8,0,0,0.2,0
1374533451462873090,0,0,0.8,0.9,0.7,0,0,0.3,0
1324005515219947525,1,0,0,0,0.8,0,0,0.2,0
1346836374004113408,0,0,0,0.83,0.25,0,0,0.17,0
1367993482028138497,0,0,0.8,0.7,0.9,0,0,0.6,0
1325007657170857984,0,0,0.83,0,0.67,0,0,0.33,0
1350560411943383040,0,0,0.92,0.98,0.86,0,0,0.74,0
1374564630106759170,1,1,0,0,0.8,0,0,0,0
1338686569289494529,1,1,0,0,0.83,0,0,0.17,0
1365496881950859265,0,1,0.83,0.98,0.05,0,0,0.07,0
1320954028981846017,1,1,0,0,0.93,0,0,0,0
1369706919779315719,0,0,0.87,0.83,0.93,0,0,0.4,0
1318939979540799488,1,0,0,0,1,0,0,0,0
1327673361032486915,0,1,0.8,0,0.9,0,0,0.1,0
1357142533768380416,1,1,0,0.8,0.9,0,0,0.2,0
1314264056983965699,1,0,0,0,0.8,0,0,0.1,0
1375097688987947013,1,0,0,0,0.8,0,0,0.1,0
1363549506411847681,1,0,0,0,1,0,0,0,0
1316481779075674112,0,0,0,0,1,0,0,0.21,0
1370033395171012609,0,0,0.83,0.92,0.58,0,0,0.42,0
1362182975408889862,0,0,0.83,0,0.67,0,0,0.17,0
1315259793855123456,1,0,0,0,1,0,0,0,0
1362122700630593538,1,0,0,0,0.8,0,0,0.4,0
1332119362082279424,0,0,0.8,0,0.9,0,0,0.2,0
1366299315732422667,1,0,0,0,0.25,0,0,0,0
1361120748006424576,1,0,0,0,0.67,0,0,0,0
1346950933104783362,1,0,0,0.89,0.56,0,0,0.11,0
1363776961164713987,0,0,0.88,0,0.63,0,0,0.22,0
1362811795581374465,1,0,0,0,1,0,0,0.83,0
1348463854942965764,0,0,0.95,0.85,0.4,0,0,0.8,0
1374578316468965378,1,0,0,0.4,0.8,0,0,0,0
1374441969766727681,1,1,0,0,0.8,0,0,0,0
1340783552041005056,1,0,0,0,1,0,0,0,0
1330915948983939072,0,0,0.83,0.63,0.78,0,0,0.22,0
1340570930506944512,0,0,0,0,0.8,0,0,0.2,0
1312688836372242435,1,0,0,0,0.5,0,0,0.33,0
1354796527324114946,1,0,0,0,0.93,0,0,0,0
1368913254668509185,0,1,0,0.91,0.29,0,0,0.45,0
1374043991847616512,1,1,0,0,0,0,0,0.4,0
1323832745584447488,1,0,0,0,0.8,0,0,0.4,0
1344849626445168640,0,0,0,0,1,0,0,0,0
1372910857064173577,0,0,0,0,0.2,0,0,0,0
1368660279723237381,1,0,0,0,0.8,0,0,0.2,0
1366845529909420032,0,1,0,0.95,0.6,0,0,0.05,0
1374725248550076419,1,0,0,0,0.83,0,0,0.22,0
1321244809772912642,0,0,0.92,0.05,0.93,0,0,0.35,0
1374702164304662528,1,1,0,0,0.83,0,0,0.17,0
1323748106467422209,1,0,0,0,0,0,0,0,0
1337140151521140736,0,0,0.92,0.87,0.42,0,0,0.31,0
1314263050699116544,1,0,0,0,0.82,0,0,0,0.5
1363919021817683975,1,1,0,0,0.8,0,0,0.2,0
1370725799767248902,0,0,0.83,0.92,0.98,0,0,0.57,0
1340759489968918529,0,0,0.94,0.99,0.97,0,0,0,0
1369371125583581191,1,1,0,0,0.9,0,0,0,0
1370338056415289348,0,0,1,0.8,1,0,0,0.4,0
1338571472411955207,1,0,0,0,0.8,0,0,0,0
1348663586592317449,0,1,0.83,0,0.67,0,0,0.33,0
1370072580221206538,1,0,0,0,0.99,0,0,0,0
1325155319522054145,1,0,0,0,0.9,0,0,0,0
1365369885216313344,0,0,0.87,0.93,0.03,0,0,0.23,0
1375190848883863553,0,0,0,0,0,0,0,0.9,0
1343215497333059586,0,1,0.83,0,0.67,0,0,0.33,0
1361104442096050176,0,1,0,0.83,0.67,0,0,0,0
1314260551183327234,1,1,0,0,1,0,0,0,0
1374337839886925825,1,0,0,0,0.83,0,0,0,0
1318615265396011013,1,1,0,0,0.7,0,0,0,0
1323665868090417152,1,0,0,0,0,0,0,0.01,0
1370120734719279106,0,0,1,1,0.5,0,0,0.75,0
1361323716160802818,0,0,0.83,0.42,0.92,0,0,0.58,0
1323030670264934402,0,1,0.94,0.03,0.87,0,0,0.12,0
1347079777333649412,0,0,0.93,0.88,0.62,0,0,0.42,0
1346232439731994625,1,0,0,0,0.9,0,0,0.1,0
1374791836087242752,1,0,0,0,0.92,0,0,0,0
1354827710518837251,0,1,0.8,0.4,0.7,0,0,0.2,0
1372342809047527424,1,1,0,0,0,0,0.87,0,0.13
1352127666107916288,0,0,0,0,0.92,0,0,0,0
1358811759738519554,1,0,0,0,0.9,0,0,0,0
1345798388697198593,1,0,0,0,0.9,0,0,0,0
1313856367233396737,0,0,0.98,0.42,0.12,0,0,0.28,0
1375884381009625094,0,1,0,0,0,0,0,0.5,0
1369737030813425664,0,0,0.8,0.9,0.3,0,0,0.7,0
1367595240555741184,0,0,0.95,0.85,0.9,0,0,0.65,0
1337696851156475906,0,0,0,0.17,0.83,0,0,0,0
1316481409234735109,1,0,0,0,0.9,0,0,0,0
1356592556570783744,0,1,0.83,0.17,1,0,0,0.5,0
1364591401024040960,0,0,0,0,0,0,0,0.5,0
1315657739666886658,1,1,0,0,1,0,0,0,0
1374419159245746184,0,1,0.82,0,0.98,0,0,0,0
1340055420346445827,1,0,0,0,0,0,0,0.02,0
1366075116778450946,0,0,0.83,0.53,0.67,0,0,0.17,0
1363294890457632770,1,0,0,0,0.9,0,0,0,0
1336291246281789440,1,0,0,0,0.83,0,0,0,0
1372208453117079556,1,1,0,0,0.83,0,0,0.17,0
1331327509259022336,0,0,0.83,0,0.67,0,0,0.33,0
1364508458234634241,0,0,0.9,0.95,0.85,0,0,0.8,0
1349912986949996545,0,0,0.8,0.9,0,0,0,0.1,0
1319655762361225216,1,1,0,0,0.8,0,0,0.2,0
1330962451215638528,1,1,0,0,0.8,0,0,0.9,0
1336900287982919683,0,0,0,0,0.67,0,0,0,0
1317567784675471361,0,1,0.9,0,0.7,0,0,0.8,0
1368272446927695873,1,1,0,0,0,0,0,0.8,0
1371613948357795840,1,0,0,0,1,0,0,0,0
1369772309272268803,1,0,0,0,1,0,0,0,0
1349695692382629889,1,1,0,0.9,0,0,0,0.5,0
1375251972723511296,1,1,0,0,0.92,0,0,0,0
1318576302354501632,1,0,0,0,0.5,0,0,0,0
1369997175770480640,1,1,0,0,0.9,0,0,0,0
1375587700942778369,0,0,0.8,0,0.9,0,0,0.7,0
1364573146058280965,0,1,1,1,0.8,0,0,0.6,0
1375522293443489794,1,1,0,0,0.83,0,0,0.17,0
1374772822506094601,0,0,0.83,0.58,0.92,0,0,0.17,0
1365121769825181696,1,0,0,0.83,0.67,0,0,0,0
1370751994818859009,1,0,0,0,0,0,0,0,0
1361088712491360256,0,0,0.91,0.98,0.89,0,0,0.76,0
1374788888812781572,0,0,0,0,0.98,0,0,0.83,0
1370798836566884356,0,1,0,0,0,0,0,0.4,0
1346964782600101889,1,0,0,0,0.9,0,0,0,0
1374320583765331973,1,1,0,0,0.8,0,0,0.2,0
1338884523224788993,1,0,0,0,1,0,0,0,0
1375152872837484550,1,1,0,0,0.8,0,0,0,0
1375859766598242307,1,1,0,0,0,0,0,0.8,0
1320442832780468231,1,0,0,0,0.93,0,0,0,0
1372320536274071553,1,0,0,0,0.83,0,0,0,0
1361891447977480196,1,1,0,0,0.8,0,0,0.6,0
1363271985237753857,0,0,1,0.9,0.2,0,0,0.8,0
1324601823555104768,1,1,0,0,0.92,0,0,0.7,0
1370047701467987971,1,0,0,0,1,0,0,0,0
1364249530267361282,0,1,0.98,0.02,0.42,0,0,0.2,0
1319312376898912256,1,0,0,0,0.83,0,0,0,0
1375140557727662081,1,0,0,0,0.5,0,0,0,0
1323657893397303296,1,0,0,0,0.2,0,0,0.8,0
1356989898948026376,0,1,0.98,0.95,0.88,0,0,0.92,0
1367571064633446400,0,0,0.8,0,0.2,0,0,0.4,0
1372645560046522373,1,0,0,0,1,0,0,0,0
1340074879467581441,1,0,0,0,0.8,0,0,0,0
1372633126577565708,1,0,0,0,0.9,0,0,0,0
1374395458852847630,1,1,0,0,0.8,0,0,0.1,0
1374971900644888581,1,1,0,0,0.8,0,0,0.6,0
1370705672678084609,1,0,0,0,1,0,0,0,0
1374838143694823426,1,0,0,0,0.92,0,0,0,0
1323987023548567564,1,0,0,0,0.8,0,0,0.2,0
1364738193141211137,0,0,0,0.83,0.67,0,0,0.33,0
1368294731919327232,0,0,1,0.93,0.67,0,0,0.43,0
1336006747941695498,0,1,0,0,0.8,0,0,0.2,0
1349104224718749707,0,1,0.9,0.8,0.4,0,0,0.2,0
1374423302035304450,1,1,0,0,0.8,0,0,0,0
1339275043017199616,0,1,0.83,0.8,0.4,0,0,0.6,0
1313147306728919040,0,0,0.83,0.42,0.92,0,0,0.95,0
1364961620976361472,0,1,0,0,1,0,0,0,0
1329455891163324422,1,0,0,0,0.8,0,0,0,0
1344819549821169665,1,0,0,0,0.5,0,0,0,0
1348675482926030850,0,1,0,0.13,0.86,0,0,0.23,0
1369121638789373952,1,0,0,0,0.8,0,0,0.2,0
1338659484596518912,1,1,0,0,0.83,0,0,0,0
1365060283190947842,1,0,0,0,0.5,0,0,0,0
1335737550443433984,0,0,0,0,1,0,0,0,0
1359154906037370893,0,0,0.92,0.81,0.4,0,0,0.29,0
1374721160026406914,0,0,0.8,0.9,0.7,0,0,0.4,0
1335391994894458880,0,0,0.83,0.17,0.63,0,0,0.33,0
1374483595293696001,1,0,0,0.75,0.88,0,0,0.25,0
1336012490489073671,1,0,0,0,0.8,0,0,0,0
1372391255280386052,1,0,0,0.33,1,0,0,0.67,0
1354482533925322759,1,0,0,0,1,0,0,0,0
1361375774985629702,1,1,0,1,0.5,0,0,1,0
1366426778068205572,0,0,0.83,0.17,0.67,0,0,0.33,0
1352711940175507462,0,0,0.83,0.92,0,0,0,0.25,0
1338186584835960836,0,0,0,0,0.83,0,0,0.17,0
1325435013794508802,1,0,0,0,1,0,0,0,0
1324316819944022016,1,0,0,0,0.8,0,0,0.4,0
1356915219579166720,0,0,0,0.2,0.9,0,0,0.4,0
1313431315178545152,1,0,0,0,0.8,0,0,0.2,0
1347934247542251521,1,0,0,0,1,0,0,0,0
1367145013923184642,0,0,0.83,0,0.67,0,0,0.17,0
1358624567636369409,1,1,0,0,0.8,0,0,0,0
1361407430622670850,1,1,0,0,0.8,0,0,0.2,0
1370077695799857152,1,0,0,0,0.8,0,0,0.2,0
1372193549521915907,0,1,0.8,0.9,0,0.1,0,0.4,0
1370932699964207105,0,0,0.96,0.95,0.42,0,0,0.05,0
1374801311712038917,0,0,0.92,0.08,0.98,0,0,0.9,0
1317053939544707073,1,0,0,0,0.57,0,0,0.14,0
1349380461768953856,0,0,0.91,0.81,1,0,0,0.19,0
1327283875236614144,0,1,0,0,0.8,0,0,0,0
1358074118336299010,0,1,0.8,0.7,0.3,0,0,0.6,0
1321608442335895552,1,0,0,0,0.83,0,0,0,0
1336095106932199425,0,1,,,,,,,
1321044429042573312,1,1,0,0,0.67,0,0,0.33,0
1370097995090440193,0,0,1,0.8,1,0,0,0.4,0
1323975329061478402,1,0,0,0,0.9,0,0,0,0
1338644707442909184,0,0,0,0.98,0.02,0,0,0,0
1351977785296900096,1,0,0,0,0.8,0,0,0.2,0
1350783625202200577,0,0,0.87,0.93,0,0,0,0.67,0
1338828010980425728,0,0,0.83,0.61,0.85,0,0,0.05,0
1349182723521449992,1,1,0,0,0.9,0,0,0.1,0
1374742557670916100,0,1,0.83,0.67,0.5,0,0,0.33,0
1346185734684872707,1,0,0,0,1,0,0,0.03,0
1365035274733031425,1,1,0,0,0.83,0,0,0.17,0
1366736556468301828,0,0,0.8,0.9,0.5,0,0,0.7,0
1338519748393521156,1,0,0,0,0.9,0,0,0,0
1342092138008379393,0,0,0.83,0.78,0.67,0,0,0.22,0
1371140457292439553,0,0,0,0,0.83,0,0,0.17,0
1367263779076141057,1,0,0,0,0.95,0,0,0,0
1338863040393965570,0,1,0.93,0.91,0.98,0,0,0.95,0
1349005962733084678,1,1,0,0.8,0.9,0,0,0.1,0
1348852295690235906,0,0,0,0,0.8,0,0,0.2,0
1320781660686864390,1,0,0,0,0.9,0,0,0.2,0
1370059491073490944,1,0,0,0,0.86,0,0,0,0
1354941521422905347,0,0,0.92,0.08,0.04,0,0,0.76,0
1374380780059684880,1,1,0,0,1,0,0,0,0
1319282872696537094,1,0,0,0,0.9,0,0,0.2,0
1318140063209811969,0,0,0,0,0.8,0,0,0.2,0
1365026908346400769,0,0,0,0.8,0.2,0,0,0.6,0
1321935699478827008,0,1,0,0,0.8,0,0,0.2,0
1361457785473499140,1,0,0,0,0.8,0,0,0,0
1373099484180324361,1,0,0,0,0.88,0,0,0,0
1356648585102786561,1,0,0,0,0.92,0,0,0.33,0
1323975368114610176,1,0,0,0,0.8,0,0,0,0
1370067302478180361,1,0,0,0,1,0,0,0,0
1372948481149530116,1,1,0,0,1,0,0,0,0
1375182250497609728,1,0,0,0,0.85,0,0,0,0
1360951932802637831,1,1,0,0,0,0,0,0,0
1375125332794216451,1,0,0,0,0.92,0,0,0,0
1314259274059657221,1,0,0,0,1,0,0,0.5,0
1362604404377985026,1,0,0,0,0.8,0,0,0.2,0
1334152920099553280,0,0,0,1,1,0,0,0,0
1361091116863533058,1,0,0,0,0.88,0,0,0,0
1375201296999927811,0,0,0.83,0.58,0.08,0,0,0.29,0
1346834357026254848,1,1,0,0,0.9,0,0,0.1,0
1354545123246419969,0,1,,,,,,,
1374722678125338624,1,0,0,0,0,0,0,0,0
1315655371713925120,1,0,0,0.83,0.92,0,0,0.42,0
1363128711239897093,0,0,1,0.88,0.83,0,0,0.5,0
1334144894420611074,0,0,0.95,0.88,0.93,0,0,0.52,0
1356251733136191491,0,1,0,0,1,0,0,0,0
1339964368776261633,1,0,0,0,1,0,0,0,0
1375404025714196483,0,0,1,0,1,0,0,0.5,0
1373643996220825601,1,0,0,0,0.8,0,0,0.2,0
1319331601604612103,1,0,0,0,0.5,0,0,0,0
1349456418139758593,0,0,0.83,0.92,0.98,0,0,0.42,0
1328129925728100356,1,0,0,0,0.82,0,0.9,0,0.9
1356282809644625923,0,0,0,0.93,0.88,0,0,0.08,0
1357753494430642176,0,0,0.83,0,0.58,0,0,0.92,0
1347132783001526273,1,1,0,0,1,0,0,0,0
1321172291804405770,1,0,0,0,0.5,0,0,0,0
1369771932208488449,0,0,1,1,0.5,0,0,0.8,0
1374212471108509699,1,0,0,0,0.9,0,0,0.1,0
1354454683834789890,1,0,0,0,0.8,0,0,0,0
1368922570918092800,1,0,0,0,0.96,0,0,0,0
1323841775660945408,1,0,0,0,0.67,0,0,0,0
1348100349777874944,0,0,0,0.92,0.88,0,0,0.64,0
1357464939867340802,0,1,0.83,0.92,0.08,0,0,0.17,0
1328187725736919040,1,0,0,0,0.93,0,0,0,0
1367123979018854402,0,0,1,0.8,0.3,0,0,0.4,0
1329470128912617473,0,1,0.83,0,1,0,0,0.17,0
1360646433695793153,0,0,0.83,0.98,0.42,0,0,0.08,0
1375129117071306758,0,1,1,0.83,0.67,0,0,0.83,0
1323425713974697984,1,0,0,0,0.83,0,0,0,0
1374920585214631939,1,1,0,0,0.8,0,0,0,0
1368186928500244483,0,0,1,0.8,0.2,0,0,0.4,0
1319685230555529217,0,1,0.83,0.17,0.67,0,0,0.33,0
1364455540001181696,0,1,0,0,0.92,0,0,0.11,0
1370045544417144832,1,0,0,0,0.92,0,0,0,0
1364370454429990913,0,0,0.83,0.8,0.9,0,0,0.5,0
1365865250726191105,0,0,0,0.8,0.2,0,0,0,0
1323825080141598726,1,0,0,0,0.88,0,0,0,0
1351210198329937921,0,0,0.8,0.5,0,0,0,0.7,0
1360567058359009283,0,0,0.91,0.88,0.83,0,0,0.43,0
1363201762409127936,0,0,1,0.9,0.7,0,0,0.5,0
1365247430795665411,0,1,0,0,1,0,0,0,0
1349047276086435842,0,0,0.83,0.93,0.87,0,0,0.5,0
1319519212054851586,1,0,0,0,0,0.67,0.83,0,0.83
1360246943188877316,0,0,0.9,0.8,0,0,0,0.7,0
1364669182806286338,0,0,0,0,0.71,0,0,0.43,0
1320088254113320960,1,0,0,0,0.8,0,0,0.4,0
1338669678621765632,1,1,0,0,0.86,0,0,0,0
1327228144495935489,0,0,,,,,,,
1346686706204991488,1,0,0,0,1,0,0,0,0
1343237196602630144,0,0,0.88,0.64,0.12,0,0,0.08,0
1318610156490510337,1,0,0,0,0.93,0,0,0,0
1361344281965973512,0,1,0,0,1,0,0,0,0
1348707625106436097,0,0,0.93,0.85,0.23,0,0,0.53,0
1355223066708684804,1,1,0,0,0.9,0,0,0,0
1375370816507031553,0,0,0.9,0.8,0,0,0,0.6,0
1368591191483195392,0,0,0.83,0.67,0.92,0,0,0.17,0
1315711871186542595,1,1,0,0.83,0.92,0,0,0.17,0
1365445088176967685,1,0,0,0,0.8,0,0,0.4,0
1365790071694258184,0,0,0,0.92,0.95,0,0,0.9,0
1368261985230483459,1,0,0,0,0.9,0,0,0.1,0
1371560838214135815,0,1,0,0,0,0,0,0.5,0
1317268395130322946,1,0,0,0,0.8,0,0,0.4,0
1317873577132199937,1,1,0,0,0.98,0,0,0,0
1374415032281300994,0,1,0,0,0.5,0,0,0.4,0
1314258017018355713,1,0,0,0,1,0,0,0,0
1331845284373082114,0,0,0,0,0.83,0,0,0.17,0
1315467618518806528,1,0,0,0,0.2,1,1,0,1
1369688265457082369,1,0,0,0,0.9,0,0,0,0
1363223157629460485,0,0,0.83,0.92,0.98,0,0,0.76,0
1352478655864217600,0,1,0.02,0,0.8,0,0,0,0
1325040316773228545,1,0,0,0,0.8,0,0,0.4,0
1375129657306193928,1,0,0,0,0.1,0,0,0.8,0
1338480591612866561,1,0,0,0,0.8,0,0,0,0
1362010864224768000,0,0,1,0.8,0.6,0,0,0,0
1354763031792807937,1,0,0,0,0.93,0,0,0,0
1367881278297694209,0,0,0.9,0.05,0,0,0,0.95,0
1370779951012663296,1,0,0,0,0.73,0,0,0,0
1374472256768765954,1,1,0.8,0.9,0.7,0,0,0.2,0
1318161552315482112,0,0,0.81,0.41,0.01,0,0,0.29,0
1323794547307151367,1,0,0,0,0.9,0,0,0,0
1372264134146854913,1,0,,,,,,,
1318587249924210689,1,0,0,0,0.85,0,0,0,0
1346829282493001730,0,1,0,0.5,0.9,0,0,0.8,0
1364410806834757633,0,0,0,0,1,0,0,0,0
1368900841747398659,0,0,0.98,0.85,0.6,0,0,0.95,0
1336339820428238856,0,0,0.88,0.42,0,0.98,0.96,0,0
1356693876510130176,0,0,1,1,0,0,0,0,0
1315728592702238723,0,0,0.8,0.9,0,0,0,0.7,0
1375155929029750785,1,1,0,0.33,0.67,0,0,0.17,0
1340089047461621761,1,0,0,0,0.4,0,0,0.5,0
1361341033452351501,0,1,0,0,0.86,0,0,0,0
1323832217018183683,1,0,0,0,0.8,0,0,0,0
1375554556185210882,1,0,0,0,1,0,0,0,0
1370060326931152904,1,0,0,0,1,0,0,0,0
1336068336246001673,0,0,0,0,0.4,0,0,0.5,0
1374685601996308480,1,0,0,0,0,0,0,0.5,0
1325403964813283330,1,0,0,0,0.95,0,0,0.4,0
1364943179544420357,0,0,0,0,1,0,0,0.5,0
1374357567019876365,0,1,0.93,0.03,0.98,0,0,0.3,0
1372686195428356096,1,0,0,0,1,0,0,0,0
1375832482541670403,0,0,0.8,0,0.9,0,0,0.5,0
1352343923000225792,1,0,0,0,1,0,0,0,0
1321488365880041473,0,0,0.8,0,1,0,0,0.5,0
1369301121794248723,0,1,0,0.9,0.8,0,0,0.1,0
1346815585473196033,1,0,0,0,0.8,0,0,0.2,0
1374778432106622977,1,0,0,0.93,0.87,0,0,0.13,0
1369509077655621632,0,0,0.83,0.96,0.81,0,0,0.58,0
1360004337410469893,1,0,0,0,1,0,0,1,0
1357711815367614465,0,0,0,0.85,0.95,0,0,0.9,0
1372599472333729795,0,0,0.96,0.89,0.93,0,0,0.5,0
1370159683521146880,1,0,0,0,1,0,0,0,0
1370128203705094144,1,0,0,0.03,0.97,0,0,0.2,0
1364386225457627139,1,0,0,0,0.8,0,0,0.4,0
1315322473005625345,1,0,0,0,0.8,0,0,0.2,0
1349051171630157824,0,0,0.91,0.81,0.61,0,0,0.21,0
1375424930909712394,0,0,0,0,1,0,0,0.5,0
1348291540523704322,0,0,0,0.92,0.05,0,0,0.4,0
1366814650155868165,1,0,0,0.2,0.8,0,0,0.4,0
1375308390017208321,0,1,0,0.83,0.92,0,0,0.98,0
1371997241293033476,1,0,0,0,1,0,0,0.93,0
1362763870062792704,1,1,0,0,0,0,0,0,0
1327722605105713152,1,1,0,0,0,0,0,0.8,0
1350963718608351237,1,1,0,0.93,0.07,0,0,0.93,0
1314266395954339841,1,1,0,0,0.9,0,0,0.1,0
1324082383516217354,1,0,0,0,0.89,0,0,0,0
1374758587407343617,0,0,0,0,1,0,0,0,0
1334870598091206661,0,0,0.95,0.8,0.05,0,0,0.2,0
1374373353176264721,1,1,0,0,0.4,0,0,0,0
1372180868404482052,1,0,0,0,1,0,0,0,0
1370404437232078851,0,0,0,0,1,0,0,0.4,0
1344242981348507649,0,1,0.81,0.91,0.61,0,0,0.51,0
1363488787872047105,0,0,0,0,0.93,0,0,0.27,0
1362494243873447938,1,0,0,0,0.33,0,0,0.67,0
1358802894376607749,1,0,0,0,1,0,0,0,0
1323425854609870849,1,0,0,0,0.83,0,0,0,0
1352292373339009025,1,0,0,0,0.5,0,0,0,0.5
1374429630568886274,0,0,0.83,0,0.88,0,0,0.58,0
1358203773496262656,0,0,0,0.13,1,0,0,0,0
1366420718544584707,1,1,0,0,0.83,0,0,0,0
1364983892420161538,0,1,0,0,0.8,0,0,0,0
1367220887431348233,0,1,0,0,0.9,0,0,0,0
1342962231563046912,1,0,0,0,0.83,0,0,0,0
1361446063874392065,1,1,0,0,0.87,0,0,0,0
1320171223817555969,0,1,0.9,0.6,0.4,0,0,0.2,0
1356704123903758336,0,0,0.95,0.83,0.96,0,0,0.21,0
1326903420964450309,0,1,0.8,0,0.83,0,0,0.18,0
1372380359539752961,1,1,0,0,0.82,0,0,0,0
1375422911180333057,0,0,0,0,0.8,0,0,0.6,0
1375804657205977089,0,0,0.9,0.88,0.92,0,0,0.98,0
1318973446886477825,1,0,0,0,0.73,0,0,0,0
1375516852877553664,1,1,0,0,0.83,0,0,0,0
1351613001703563265,0,0,0.8,0.9,0.7,0,0,0.4,0
1319276575985004544,0,1,0.83,0.6,0.4,0,0.1,0.5,0
1361787849666871299,0,1,0.87,0.95,0.83,0,0,0.32,0
1375757068708233218,1,0,0,0,1,0,0,0,0
1316691554455748609,1,1,0,0,0.75,0,0,0.25,0
1372362130989715457,1,0,0,0,0.03,0,0,0,0
1355988601402650624,0,0,1,1,1,0,0,1,0
1364270689402806274,0,0,0,0.01,0.99,0,0,0.5,0
1361436059637342214,0,0,0.87,0.93,0,0,0,0.07,0
1366231979495153664,1,1,0,0,0.8,0,0,0.2,0
1365488332554313730,1,0,0,0,0.7,0,0,0,0
1323592045995450372,1,0,0,0,0.8,0,0,0.4,0
1323834754647629824,1,0,0,0,0.8,0,0,0,0
1374402763107438592,1,0,0,0,0.4,0,0,0,0
1323352789142007808,0,0,0.87,0.83,0.67,0,0,0.33,0
1374452083663855616,1,1,0,0,0.8,0,0,0,0
1357955823087935492,0,0,0,0,1,0,0,0,0
1324011733854412802,1,0,0,0,0.93,0,0,0,0
1315074511520387072,1,0,0,0,0.83,0,0.33,0,0
1374544916186009603,1,0,0,0.8,0.4,0,0,0,0
1359262009137725442,1,1,0,0,0.8,0,0,0.6,0
1370040795902980096,1,0,0,0,1,0,0,0,0
1370230168955019266,0,0,0.91,0.83,0.64,0,0,0.19,0
1349075187606704132,0,0,0,0,0.92,0,0,0.08,0
1372880585706852352,0,1,0,0,1,0,0,0,0
1374153920864473091,0,1,0,0,0.5,0,0,0.17,0
1348813350709424129,0,0,0.8,0.6,0,0,0,0.2,0
1367643381690552322,0,0,0.98,0.02,0,0,0,0,0
1356735395380277254,0,0,0.95,0.85,0.9,0,0,0.2,0
1338666593296015363,1,1,0,0,0.63,0,0,0,0
1335777490393047041,0,0,0,0,0.92,0,0.8,0,0.18
1366758480628047875,0,1,0,0,1,0,0,0.5,0
1355264845420003328,0,1,,,,,,,
1343965490167902208,0,1,0.8,0.9,0.7,0,0,0.4,0
1350213482981986306,1,0,0,0,0.91,0,0,0,0
1375817150905081859,0,0,0.83,0,0.67,0,0,0.17,0
1374722583535480833,1,0,0,0.92,0.95,0,0,0.03,0
1353830968675586054,1,1,0,0,0.5,0,0,0,0
1355739223618441218,1,0,0,0,0.08,0,0,0.92,0
1327234766421319680,0,1,0.82,0,1,0,0,0.63,0
1361116209765212162,0,1,0,0.04,0.91,0,0,0.99,0
1332954700912660480,0,1,0.83,0.42,0.88,0,0,0.28,0
1339712334776963074,1,0,0,0,0.8,0,0,0,0
1323824410957107206,1,0,0,0,0.67,0,0,0,0
1356585922675015683,0,0,0,0.87,0.98,0,0,0.13,0
1329727492731645957,0,0,0,0,1,0,0,0,0
1354841218396663811,0,0,0.83,0.42,0,0,0,0.33,0
1349302257142145029,0,1,0,0.71,0.29,0,0,0,0
1351258786737115136,0,0,1,0.8,0.2,0,0,0.5,0
1365671797971156992,0,1,0,0,1,0,0,0,0
1372246390856814598,0,0,0.83,0.92,0.42,0,0,0.17,0
1315655252427841536,1,0,0,0.9,0.8,0,0,0.2,0
1361704232274034690,1,0,0,0,0.9,0,0,0.3,0
1360652786216632323,0,0,0,0.9,1,0,0,0.3,0
1370111866610057217,0,0,0,0,0.98,0,0,0.2,0
1314277479255887880,1,1,0,0,0.92,0,0,0,0
1330948094456840192,0,0,0,0,0.67,0,0,0.33,0
1367139019457503233,0,0,0.83,0,0.67,0,0,0.17,0
1375568644017639428,1,1,0,0,1,0,0,0,0
1355645535147995136,1,0,0,0,0.8,0,0,0.2,0
1375537874750300166,1,1,0,0,0,0,0,0.92,0
1323825865474691074,1,0,0,0,0.9,0,0,0,0
1332617748774596609,0,0,0,0,0.6,0,0,0.3,0
1350537000298934272,1,0,0,0,0.83,0,0,0,0
1350228326728790018,1,0,0,0,0.8,0,0,0.2,0
1375259256157519874,1,1,0,0,0,0,0,0.4,0
1315604387608367106,1,0,0,0,1,0,0,0,0
1372383058788241408,1,1,0,0,0.57,0,0,0,0
1338925640171593731,1,0,0,0,0.9,0,0,0,0
1374389701176483854,1,0,0,0,0.96,0,0,0,0
1331389609566220290,1,0,0,0,0.8,0,0,0,0
1352546743003607043,1,0,0,0.93,0.67,0,0,0.33,0
1334946604768403456,0,0,0,0,0.8,0,0,0,0
1357418653864501249,0,0,0,0.92,0.98,0,0,0.02,0
1358412639391604738,0,0,0.95,0.85,0.8,0,0,0.65,0
1353187181859233793,0,0,0,0.93,0.97,0,0,0.03,0
1374445752257155082,1,1,0,0,0.8,0,0,0,0
1361064792463663104,1,0,0,0,0.9,0,0,0,0
1331818147582779398,0,1,0.81,0.45,0.91,0,0,0.1,0
1372192708341637121,1,0,0,0,0.83,0,0,0,0
1344337555530006530,0,0,0,0,0.81,0,0,0.21,0
1367584679751163905,1,1,0,0,0.83,0,0,0,0
1364777660568596483,1,0,0,0,0.9,0,0,0.8,0
1361726762623897613,1,0,0,0,0.92,0,0,0.1,0
1364787110868312068,0,1,0,0,0.8,0,0,0.4,0
1343139165014208512,0,0,0.85,0,0.6,0,0,0.15,0
1366018563476238342,1,0,0,0,0.93,0,0,0,0
1370066040814714880,1,0,0,0,1,0,0,0,0
1369654573447712768,1,0,0,0,1,0,0,1,0
1368210341851758597,1,0,0,0,0.92,0,0,0,0
1375886605555097603,1,1,0,0,0.83,0,0,0.23,0
1374684811789545475,1,0,0,0,0.9,0,0,0,0
1324402928262750208,1,0,0,0,0.5,0,0,0,0
1375430257969348610,1,0,0,0,0.01,0,0,0.41,0
1367318945846472709,0,1,0.98,0.95,0.05,0,0,0.75,0
1315655571949973507,1,0,0,0.83,0.92,0,0,0.17,0
1343603429969694722,0,0,0.9,0.95,0.85,0,0,0.8,0
1362456353747386368,0,0,0.8,0.9,0.7,0,0,0.3,0
1361343024517820424,1,0,0,0,0.55,0,0,0,0
1346976662878003200,0,0,0,0,0.5,0,0,0,0
1354881936519528448,0,0,1,0.8,1,0,0,0.2,0
1374277201202458624,0,0,0,0.85,0.95,0,0,0,0
1369743613249413124,1,0,0,0,0.9,0,0,0.1,0
1375482916805939201,1,1,0,0,1,0,0,0,0
1361009698179330057,0,0,0.8,0.4,0,0,0,0.6,0
1375161020637925380,1,1,0,0,0.8,0,0,0,0
1356360100559122432,1,0,0,0,0.88,0,0,0,0
1330847745599483906,1,1,0,0,1,0,0,0,0
1335935818360303618,0,1,0.83,0.9,0.7,0,0,0.6,0
1358026995301498883,0,0,0,0,0.93,0,0,0,0
1374453666980143104,1,0,0,0,0.08,0,0,0.28,0
1372188257744785415,1,0,0,0,0.1,0,0,0,0
1370054901397663752,1,0,0,0,1,0,0,0,0
1371642375836114945,0,0,0.83,0.95,0.53,0,0,0.15,0
1338282630379433987,1,1,0,0,1,0,0,0,0
1325766368168464384,1,0,0,0,0.67,0,0,0.33,0
1375090907331051533,1,0,0,0,1,0,0,0,0
1372363139677892608,1,0,0,0,0.2,0,0,0,0
1346120904246439936,0,0,0,0,0.8,0,0,0.3,0
1335834250411577344,0,0,0,0,0.8,0,0,0.2,0
1374697208231116809,1,0,0,0,0.8,0,0,0,0
1321143149763448832,0,0,0.9,0.8,0.6,0,0,0.2,0
1347932676188155904,1,0,0,0,0.9,0,0,0,0
1364638614240583680,0,0,0.83,0.67,0.5,0,0,0.33,0
1319413497051017216,0,0,0.87,0.23,0.96,0,0,0.83,0
1352017029751066624,1,0,0,0,0.5,0,0,0.2,0
1339284916169748481,0,0,0.8,0.3,0.9,0,0,0.4,0
1318954160335847424,0,0,0,0,0.83,0,0,0,0
1354917816630173697,0,0,0.92,0.04,0.74,0,0,0.08,0
1364033862918094848,1,1,0,0,0,0,0,0,0
1370087444062814210,1,0,0,0,1,0,0,0,0
1361073639802740738,1,0,0,0,0.6,0,0,0,0
1318566615533854720,0,1,0.63,0,0.88,0,0,0.13,0
1374337701600583680,1,0,0,0,0.9,0,0,0.1,0
1347898133888577543,0,1,0,0.93,0.91,0,0,0.07,0
1358165191985299456,0,0,0,0.9,0.95,0,0,0.05,0
1356467456315961346,0,1,0,0,1,0,0,0,0
1369027178701197314,1,0,0,0,1,0,0,0,0
1362907714318344192,1,0,0,0,0.8,0,0,0.4,0
1332893674242338817,1,1,0,0,0.9,0,0,0.2,0
1366900226406182913,1,1,0,0,1,0,0,0,0
1357917464022106114,0,0,0,0.01,0.99,0,0,0,0
1358415780698857472,0,0,0.95,0.85,0.6,0,0,0.55,0
1375923983225290753,1,0,0,0,0,0,0,0.5,0
1346915417722261504,0,1,0.5,0.83,0,0,0,0,0
1370789768313847810,0,1,0.95,0.98,0.02,0,0,0.2,0
1322867250991304705,1,0,0,0,0.5,0,0,0.33,0
1357350371358875649,0,1,0,0.8,1,0,0,0.9,0
1326853530565664769,1,0,0,0,0.8,0,0,0.2,0
1372705344330244097,1,0,0,0,0.92,0,0,0.43,1
1370067414755418114,0,0,0,0.96,0.94,0,0,0.1,0
1360030511012405250,0,0,0.78,0.92,0,0,0,0.62,0
1375417251231277059,0,0,0.89,0.74,0.95,0,0,0.59,0
1347161515112230914,1,1,0,0,0.5,0,0,0,0.75
1351938721822748676,1,0,0,0,0.88,0,0,0,0
1336734114842636294,1,0,0,0,0.67,0,0,0,0
1354169730874159106,1,1,0,0,0.83,0,0,0.15,0
1356308060667596801,0,0,0.87,0,0.95,0,0,0.55,0
1317778711157051393,1,1,0,0,0.83,0,0,0.67,0
1362409896868802564,1,0,0,0,0.81,0,0.44,0,0
1317828808410615811,1,0,0,0,0.8,0,0,0,0
1355051117852434432,0,0,0,0,0.13,0,0,0.1,0
1361008261760245764,1,0,0,0,1,0,0,0,0
1347166575833575435,0,0,0.8,0.6,0,0,0,0.2,0
1338278464168792065,1,1,0,0,0.8,0,0,0,0
1315655488521072641,1,1,0,0.83,0.92,0,0,0.17,0
1323975940414865411,1,0,0,0,0.8,0,0,0.2,0
1343486676916719616,0,0,0,0,0.93,0,0,0.07,0
1374709226732457986,0,1,0,0,0.8,0,0,0.2,0
1375042992457797635,1,0,0,0,0.83,0,0,0.09,0
1367859567275614212,0,0,0.87,0.93,0.83,0,0,0.97,0
1362407911134269446,1,0,0,0,0.83,0,0.43,0,0
1342962964261818368,1,0,0,0,0.8,0,0,0.4,0
1375038940969848834,1,0,0,0.9,0.8,0,0,0.2,0
1346199868910362626,1,0,0,0,0.58,0,0,0.17,0
1340494892624211970,0,1,0.88,0.44,0.22,0,0,0.78,0
1372171985728503810,1,0,0,0,1,0,0,1,0
1374160123086573568,1,1,0,0,0.83,0,0,0,0
1350572021835591680,0,1,0,0,0.62,0,0,0,0
1371507002564808709,0,0,0.8,0.9,0.7,0,0,0.4,0
1354428222243565570,1,0,0,0.22,0.8,0,0,0,0
1375492753765720065,1,0,0,0,0,0,0,0.5,0
1339461272690192384,0,0,0,0.9,0.2,0,0,0.8,0
1323740382056878087,0,0,1,0,1,0,0,0.3,0
1327962321252098049,0,1,0,0,1,0,0,0,0
1361334649470021634,1,1,0,0,1,0,0,0,0
1361346669355425792,1,1,0,0,0.9,0,0,0,0
1346938151810510853,0,1,0.93,0.83,0.18,0,0,0.75,0
1365726063352025089,0,0,0.85,0.03,0.98,0,0,0.08,0
1352527240555339778,0,1,0,0.29,0.14,0,0,0.43,0
1330156846125096962,0,0,0.82,0,0.92,0,0,0,0
1374715361669562370,1,1,0,0,0,0,0,0,0
1326491157048778753,1,0,0,0,0.8,0,0,0.2,0
1362548554829471746,0,0,0.83,0.92,0.57,0,0,0.43,0
1356651894576398337,0,0,0,0.93,0,0,0,0.05,0
1371884350766206977,1,0,0,0.01,0.5,0,0,0.11,0
1315655221805187077,1,1,0,0.83,0.92,0,0,0.17,0
1364136322185756676,1,1,0,0,0.8,0,0,0,0
1347708434309914625,0,0,0.83,0.67,0.92,0,0,0.33,0
1372677908637102082,1,0,0,0,0.4,0,0,0,0
1334164709650493441,0,0,0,0,0,0,0,0.5,0
1369374117628149769,1,0,0,0,0.9,0,0,0,0
1350742591499874305,1,0,0,0,0.8,0,0,0.2,0
1323664296505712641,1,0,0,0,0.8,0,0,0,0
1356388574430658561,1,0,0,0,1,0,0,0,0
1314620139178881025,1,1,0,0,0.92,0,0,0,0
1331716558490570755,0,0,1,0.67,0.5,0,0,0,0
1367701541793132552,0,1,0,0,1,0,0,0.23,0
1338559332401733638,1,0,0,0,0.95,0,0,0,0
1367561489788375046,1,0,0,0,0.88,0,0,0.12,0
1352395195493580803,0,0,0,0,0.5,0,0,1,0
1368193081066012687,1,0,0,0,1,0,0,0.43,0
1318640695490580480,1,0,0,0,0.9,0,0,0,0
1322301402660655105,1,0,0,0,0.96,0,0,0.03,0
1369013646215569410,0,0,0.8,0.6,0,0,0,0.4,0
1336643236882870272,0,0,0.8,0.9,0.7,0,0,0.1,0
1324273800901464064,1,0,0,0,0.85,0,0,0,0
1350795999464153089,0,1,0,0,0.83,0,0,0,0
1324088219315654656,1,0,0,0,0.5,0,0,0,0
1359592977329393664,0,0,0,0.67,0.83,0,0,0.33,0
1366962345990324227,1,0,0,0,0.13,0,0,0.63,0
1342887380299071488,0,1,0,0,0.8,0,0,0.2,0
1367622645194264578,1,0,0,0,0.8,0,0,0,0
1370058009322356742,1,0,0,0,0.9,0,0,0.1,0
1373983025944481794,0,1,0.85,0.95,0.05,0,0,0.9,0
1369892941531992064,0,0,1,1,0.4,0,0,0.8,0
1315655519667916801,1,1,0,0.8,0.9,0,0,0.1,0
1374566374954110980,1,0,0,0,1,0,0,0,0
1315711731658829824,1,0,0,0.88,0.9,0,0,0.12,0
1352375696417550338,0,1,0.9,0.8,0.7,0,0,0.6,0
1325867008278355968,0,1,0,0,0.5,0,0,0,0
1362738516325789699,0,0,0.92,0.95,0.05,0,0,0.85,0
1339326387556151315,0,0,0,0,0.6,0,0,0.2,0
1314264927985643520,1,0,0,0,1,0,0,1,0
1368683634148990979,1,1,0,0,0.8,0,0,0.2,0
1364616947258818561,0,1,0.8,0.9,0.7,0,0,0.6,0
1333616235867680770,0,0,0.8,0.9,0.7,0,0,0.3,0
1363231750441234432,0,1,0,0,0.8,0,0,0.3,0
1316424558359048200,1,0,0,0,0.85,0,0,0,0
1369330413315915776,1,0,0,0,0.8,0,0,0,0
1374843721284456453,1,0,0,0,0,0,0,0.17,0
1343967366867275779,0,1,0.9,0,0.8,0,0,0.2,0
1356947408714797058,0,1,0,0,1,0,0,0,0
1364637006454661121,0,0,0.83,0.95,0,0,0,0,0
1356985349864525824,0,0,0,0.8,0.2,0,0,0.9,0
1374552703829897217,0,0,0.9,0,0.7,0,0,0.6,0
1319798166225620996,0,0,0,0,0.8,0,0,0.6,0
1323378473663188994,1,0,0,0,0.5,0,0,0,0
1329167584063877120,1,0,0,0,0,0,0.4,0,0.7
1321880158890991617,0,0,0,0,1,0,0,0,0
1325289958274428928,0,1,0,0.4,0.9,0,0,0.1,0
1358562094656876545,0,0,1,0.9,1,0,0,0.8,0
1364645050144202757,0,0,0,0.01,0.98,0,0,0.81,0
1370204122536939522,0,1,0,1,0.8,0,0,0.2,0
1371802735780233217,0,0,0,0,0.13,0,0,0,0
1323976696102637569,1,0,0,0,0.5,0,0,0,0
1349986895032291330,1,1,0,0,1,0,0,0,0
1327343019893383173,0,1,0.83,0,0.67,0,0,0.17,0
1358952682103398402,1,0,0,0,0.98,0,0,0.9,0
1368335314503237635,0,1,0.94,0.06,0.98,0,0,0.92,0
1329772834898501632,0,0,0.83,0,0.67,0,0,0.33,0
1363827407514386435,0,1,0.83,0.97,0.63,0,0,0.27,0
1319390397160980482,0,0,0.93,0.53,0.87,0,0,0.4,0
1336852389043777538,0,1,0,0,0.83,0,0,0.17,0
1323609643998879748,1,0,0,0,0.92,0.13,0.93,0,0.98
1315655284745031683,1,0,0,0.9,0.8,0,0,0.1,0
1360726642482585601,0,0,0.92,0.88,0.98,0,0,0.2,0
1324057252664410113,1,0,0,0,0.8,0,0,0,0
1354861222831644672,1,0,0.88,0.12,0.9,0,0,0.22,0
1348676651941564422,0,0,0.88,0.82,0.42,0,0,0.58,0
1315711811434565634,1,0,0,0.88,0.93,0,0,0.08,0
1374343272575946754,1,0,0,0,0.83,0,0,0,0
1364633201117782016,0,0,0.83,0.91,0.98,0,0,0.23,0
1370382136201547781,0,0,0.13,0,0.47,0,0.23,0,0
1322504869471813634,1,0,0,0,0.8,0,0,0.6,0
1360767951331188736,1,1,0,0.8,0.6,0,0,0.2,0
1372266327814049793,0,0,0.98,0.85,0.95,0,0,0.4,0
1374720661264957446,0,1,1,0.86,1,0,0,0.14,0
1361493928466391043,0,1,0.83,0.67,0.33,0,0,0.93,0
1368911467391631361,1,0,0,0,1,0,0,0,0
1375607639623671811,0,0,0,0,0.5,0,0,0,0
1361344803380813829,1,0,0,0,1,0,0,0,0
1327940679218192385,1,0,0,0,0.5,0,0,0.4,0
1355609696200237059,1,0,0,0,1,0,0,0,0
1374361433375436808,1,1,0,0.93,0.6,0,0,0.07,0
1367880730873827328,1,0,0,0,0.92,0,0,0,0
1346983759376125953,1,0,0,0,1,0,0,0,0
1321104758833401857,1,0,0,0,0.95,0,0,0,0
1315369824068005890,0,0,0,0,0.83,0,0,0.17,0
1363623799095189505,1,0,0,0,0.9,0,0,0.4,0
1322632548414083072,1,0,0,0,0.5,0,0,0,0
1364706430264123396,0,1,0.8,0,0.9,0,0,0.7,0
1366484992327622656,0,0,0.81,0.96,0.91,0,0,0.11,0
1362062491124170754,1,0,0,0,0.92,0,0,0.08,0
1333532024188116992,1,0,0,0,0.63,0,0,0,0
1363284939106476034,0,0,0.81,0,0.95,0,0,0,0
1372295878665404417,1,0,0,0,1,0,0,0,0
1365041005079253000,1,1,0,0,0.92,0,0,0.08,0
1344376758292934656,0,0,0.81,0.13,0.63,0,0,0.94,0
1351479939812323328,0,0,0.81,0.89,0.42,0,0,0.58,0
1340138048827379715,0,1,0.8,0.95,0.9,0,0,0.2,0
1336027200714313737,0,0,0,0,1,0,0,0,0
1342857647326961664,0,0,0.83,0.67,0.88,0,0,0.33,0
1370298806705606659,0,0,0.8,0.95,0.4,0,0,0.65,0
1320732162702733312,1,0,0,0,0.8,0,0,0.1,0
1334486617587933185,0,0,0.9,0,0.6,0,0,0.2,0
1362537564297568258,0,1,0.8,0.9,0.7,0,0,0.5,0
1346916067923398672,1,0,0,0,0.9,0,0,0,0
1373119570584743938,1,1,0,0,0,0,0,0.92,0
1364432732764348417,0,0,,,,,,,
1323841854421557249,1,0,0,0,0.85,0,0,0,0
1322439663576113152,0,0,0,0,0.1,0,0,0.5,0
1374419077431652364,1,0,0,0,0.8,0,0,0.2,0
1370104245266042889,1,1,0.83,0.89,0.58,0,0,0.42,0
1357804885899624449,1,0,0,0,0.92,0,0,0,0
1344635368528871425,0,0,0.8,0.95,0.4,0,0,0.7,0
1325891480863563783,1,0,0,0,1,0,0,0,0
1347926565070512128,0,0,0,0.8,0.4,0,0,0.2,0
1346517792082673664,0,0,0.83,0.92,0.42,0,0,0.67,0
1318950066942607370,1,0,0,0,0.9,0,0,0,0
1347386004114612229,1,1,0,0,1,0,0,0,0
1367169170614358016,0,0,0.83,0,0.67,0,0,0.33,0
1374355731005198338,1,0,0,0.9,0.4,0,0,0.1,0
1374316740121878529,1,1,0,0,0,0.5,0,0,0
1322994060227989505,1,0,0,0,0.83,0,0,0,0
1351628704267579395,0,0,0.82,0.95,0.98,0,0,1,0
1375447448445988866,1,0,0,0,0,0,0,0,0
1364724222627639296,0,0,0,0,1,0,0,0.5,0
1339440670273105920,0,0,0,0,0.8,0,0,0.2,0
1347499329456463872,0,0,0.8,0.9,0.7,0,0,0.2,0
1362580870754885636,1,0,0,0,0.92,0,0,0,0
1344073616284131329,0,1,0,0,1,0,0,0,0
1333897793992347653,1,0,0,0,0.67,0,0,0,0
1366042118930726915,0,0,0,0,1,0,0,0,0
1361663724940111873,1,0,0,0,0.95,0,0,0,0
1371535699795570691,0,1,1,0.8,0.9,0,0,0.2,0
1371589871375159296,0,0,0.93,0.67,0.83,0,0,0.33,0
1357931603872288768,0,0,0,0,1,0,0,0,0
1330377844073979904,0,0,0,0,1,0,0,0,0
1367512810381602819,0,0,0.93,0.85,0.15,0,0,0.88,0
1325114360440696834,1,0,0,0,1,0,0,0,0
1340060574928015362,1,0,0,0,0.8,0,0,0.2,0
1375303070477922304,0,0,0.87,0.93,0.07,0,0,0.77,0
1374865621960249345,0,0,0.91,0.83,0.61,0,0,0.44,0
1372925432870404098,1,0,0,0,0.83,0,0,0.17,0
1366992335008010241,0,0,0.8,0.9,1,0,0,0.1,0
1372169680945868808,1,0,0,0,0,0,0,0.5,0
1334946681444450305,0,0,0,0,1,0,0,0,0
1370056928404078592,1,0,0,0,0.8,0,0,0,0
1329470120620658689,0,0,0.83,0.17,1,0,0,0.33,0
1365003891889364997,0,0,0,0,1,0,0,0,0
1367869286073704453,1,0,0,0,1,0,0,0,0
1375846571611394050,1,0,0,0,0.4,0,0,0,0
1320775978533212166,1,0,0,0,0.83,0,0,0.17,0
1316117138076246017,0,0,0,0,0.8,0,0,0.2,0
1352720207412940802,0,0,0.93,0.15,0.88,0,0,0.83,0
1340680594594951169,0,0,0.22,0.85,0.94,0,0,0.09,0
1372921106793914368,0,0,0.83,0.17,0.83,0,0,0.67,0
1374530053078323202,1,1,0,0,0.92,0,0,0,0
1364368222938689538,0,0,0,0.95,1,0,0,0.05,0
1325817888926818306,0,0,0,0,1,0,0,0,0
1363414572556816384,0,1,0.43,0,0.29,0,0,0.19,0
1364324317698400256,0,0,0.92,0,0.8,0,0,0.04,0
1370880746190110722,0,1,0.95,0.8,0.9,0,0,0.4,0
1336717250951188480,0,0,0.83,0.92,0.88,0,0.42,0.13,0
1346943760177852420,0,0,0.8,0.9,0,0,0,0.6,0
1334967300282310664,0,0,0.95,0.05,0.6,0,0,0.3,0
1320032450291093505,1,0,0,0,0.9,0,0,0,0
1370099231214739461,0,0,1,0.8,0.9,0,0,0.5,0
1370089121692127241,0,0,0.87,0.92,0.96,0,0,0.5,0
1333504566525128709,1,1,0,0,0.9,1,0.5,0,0.8
1364342930643812356,1,1,0,0,1,0,0,0,0
1357691000945319946,0,0,1,0,1,0,0,1,0
1374769271872569354,1,0,0,0,0.6,0,0,0,0
1375556201363177483,1,1,0,0,0.85,0,0,0,0
1352032322267320320,0,0,0,0,0.5,0,0,0,0
1361106637629571073,1,0,0,0,0.93,0,0,0,0
1324111233327468550,1,0,0,0,0.8,0,0,0.1,0
1370865111821283329,0,1,0.96,0.83,0.97,0,0,0.78,0
1364585059131523072,1,1,0,0,0.83,0,0,0,0
1347155426169729029,0,0,0,0.93,0.88,0,0,0.07,0
1367929624345317379,0,0,0.85,0.95,0.65,0,0,0.4,0
1322285648519180288,1,0,0,0,0,0,0,0.9,0
1364987732431372310,1,1,0,0.83,0.17,0,0,0.5,0
1344302362173845505,1,0,0,0,0.58,0,0,0,0
1344659602407706628,0,0,0,0,1,0,0,0,0
1348716022673629187,0,0,0.8,0.9,0.7,0,0,0.4,0
1351380251411177472,1,0,0,0,1,0,0,0,0
1369766260985131010,0,0,0.9,0.95,0.85,0,0,0.1,0
1349850481892343808,1,0,0,0,0.63,0,0,0.25,0
1339958623347347464,0,0,0.87,0.63,0.93,0,0,0.13,0
1349750208268177410,0,0,0,0.97,0.83,0,0,0.11,0
1347042301080694789,1,1,0,0,0.99,0,0,0.96,0
1374521457879912451,1,0,0,0,0.92,0,0,0,0
1370197831223447552,1,0,0.92,0.85,0.93,0,0,0.08,0
1336622896119156739,0,0,0.8,0.9,0.6,0,0,0.3,0
1333088093608554498,1,0,0,0,1,0,0,0,0
1374434991447281664,1,0,0,0,0.83,0,0,0,0
1366780362085572609,1,0,0,0.8,0.9,0,0,0.1,0
1319323326498693120,1,0,0,0,0.9,0,0,0,0
1361631444674748418,0,0,0,0.83,0.42,0,0,0.17,0
1374500925973229577,1,1,1,1,1,0,0,0,0
1318172563382636544,1,0,0,0,0.5,0,0,0,0
1347309643173916673,0,0,0.98,0.91,0.81,0,0,0.95,0
1374453185494929410,1,0,0,0,0.83,0,0,0,0
1352316543640584193,0,0,1,1,0,0,0,0.5,0
1348676693414834176,1,0,0.6,0.8,0.4,0,0,0.1,0
1348874060625637376,0,1,1,0.5,1,0,0,1,0
1344464055390629888,0,0,0.8,0.9,0.7,0,0,0.2,0
1362822094539677697,1,0,0,0,0.88,0,0,0.92,0
1374551821012770816,0,0,0.82,0.42,0,0,0,0.22,0
1373798417319788548,1,1,0,0,0.9,0,0,0,0
1375524158759698437,1,1,0,0,0.5,0,0.8,0,0
1358761374269243392,1,1,0,0,0.8,0,0,0,0
1335392272066605056,0,1,0,0,1,0,0,0,0
1371457987420770305,0,0,0.87,0.93,0.23,0,0,0.43,0
1358162820676878336,1,0,0,0,0,0,0,0.01,0
1370368310051749889,1,0,0,0,0.6,0,0,0.4,0
1374813790424944650,1,1,,,,,,,
1358378867195535360,1,1,0,0.95,0.05,0,0,0.1,0
1314255501425811458,1,0,0,0,1,0,0,1,0
1315724568355647494,0,1,0,0,0.9,0,0,0,0
1375420607857373191,1,0,0,0,1,0,0,0,0
1357251315810902016,0,0,0.7,0,0.8,0,0,0.9,0
1368210531035799553,0,1,0.98,0,0.81,0,0,0.42,0
1318503491527151617,1,0,0,0,0.5,0,0,0.4,0
1370076078732087299,0,0,0.8,0.7,0.9,0,0,0.2,0
1347327043961319424,0,0,0,0,0.93,0,0,0.14,0
1314251711305846784,1,0,0,0,0.98,0,0,0,0
1314259261250244609,1,1,0,0,1,0,0,0,0
1336135836132397058,0,0,0.92,0.8,0,0,0,0.4,0
1374714644028358668,1,1,0,0,0.8,0,0,0.4,0
1326128756147281921,1,0,0,0,0.4,0,0,0.2,0
1366183658386821122,0,0,0.83,0,0.67,0,0,0,0
1350823638057025537,0,0,1,0.87,0.23,0,0,0.53,0
1356036744538427396,0,0,0.83,0.92,0,0,0,0,0
1349294240283521024,0,1,0,0.04,1,0,0,0,0
1363688714115964928,1,0,0,0,0,0,0,0.6,0
1333091373311008768,1,0,0,0,1,0,0,0,0
1325543521827364869,0,0,0,0,0.9,0,0,0,0
1375507344876969986,1,1,0,0,0.98,0,0,0,0
1369527050873233408,0,0,1,0.83,0.67,0,0,0.17,0
1327215922394882048,1,0,0,0,0.83,0,0,0.17,0
1321486139480592386,1,0,0,0,0.8,0,0,0.2,0
1366916749875179520,1,0,0,0,1,0,0,0,0
1372740196425293826,1,0,0,0,0.95,0,0,0.05,0
1368268654920470532,1,1,0,0.8,0,0,0,0.7,0
1374503240188919812,1,0,0,0,0.8,0,0,0,0
1338535655534710787,0,0,0.8,0.9,0.6,0,0,0.4,0
1349103996607340546,0,0,0.81,0.92,0.41,0,0,0.29,0
1369696629909950471,0,1,0,0,1,0,0,0,0
1362570737786245123,0,0,0,0.83,1,0,0,0.96,0
1349389412388327425,0,1,0.93,0.99,0.65,0,0,0.3,0
1315711641888186369,1,1,0,0.83,0.92,0,0,0.08,0
1370056912302133256,1,0,0,0,0.8,0,0,0,0
1338743469989388288,0,0,0.73,0.23,0.43,0,0,0.83,0
1333587944515526657,0,0,0,0.8,0.9,0,0,0.4,0
1348677853194321921,0,0,0.9,0.8,0.2,0,0.1,0.6,0
1367255222846898176,1,0,0,0,0.8,0,0,0.2,0
1370120639294623747,0,1,0.95,0.85,0.9,0,0,0.7,0
1354829144471834626,1,0,0,0,0.83,0,0,0.17,0
1374462406441635848,1,1,0,0,0.98,0,0,0,0
1345057612115681286,0,0,0.87,0,1,0,0,0,0
1374831577625157636,0,0,0.83,0,0.92,0,0,0.08,0
1372896199791976452,1,0,0,0,0.87,0,0,0,0
1356739192500473857,0,0,0,0.8,1,0,0,0.2,0
1370737065495777280,1,0,0,0,0,0,0,0.6,0
1357056263415300100,0,0,0.98,0.82,0.63,0,0,0.21,0
1314260560385638401,1,0,0,0,0.8,0,0,0,0
1375909422376042497,1,0,0,0,0.4,0,0,0.1,0
1323981778554675203,1,0,0,0,0.83,0,0,0.17,0
1338485650253877257,1,0,0,0,0.8,0,0,0,0
1327596447668326400,0,0,0,0,0.92,0,0,0.08,0
1362641377687912450,1,0,0,0,0.83,0,0,0.92,0
1352384047276838912,1,1,0,0,0.8,0,0,0,0
1357705534963613701,0,0,0.87,0.83,0.92,0,0,0.17,0
1366871201138827269,0,0,0.93,0.53,0.88,0,0,0.47,0
1362065582930149379,0,0,0.9,0.8,0.7,0,0,0.6,0
1375462072314523648,0,0,0.83,0.88,0.95,0,0,0.92,0
1361338603310317573,1,1,0,0,0.9,0,0,0,0
1368318933816676354,0,1,1,0,1,0,0,1,0
1364630685756121091,0,0,0,0,0.9,0,0,0,0
1338659411175280640,1,0,0,0,0.43,0,0,0,0
1358577345750306821,0,0,0,0,0.6,0,0,0.8,0
1351204775216500745,1,1,0,0,0.88,0,0,0.98,0
1331996260048531459,0,0,0,0.23,0.87,0,0,0,0
1367015744873979909,0,0,0,0.5,1,0,0,0.2,0
1364311658244505601,0,1,1,0.67,0.83,0,0,0.17,0
1356666453387173891,1,0,0,0,0.8,0,0,0,0
1370067752854171649,1,0,0,0,1,0,0,0,0
1334206930282307592,1,0,0,0,0.8,0,0,0,0
1364254766491193350,0,0,0.83,0.67,0.92,0,0,0.88,0
1375928842028716033,0,1,0.8,0.6,0.9,0,0,0,0
1315655339648389120,1,0,0,0.92,0.94,0,0,0.4,0
1368208634606284800,1,0,0,0,0.93,0,0,0,0
1374368109755297796,1,0,0,0.8,0.9,0,0,0,0
1346718979587452929,0,0,0.83,0.92,0.11,0,0,0.67,0
1366493428851363840,0,0,0,0.8,0.9,0,0,0.1,0
1351697115953696769,0,0,0.87,0.93,0.83,0,0,0.53,0
1374459890933010458,0,0,0,0,1,0,0,0.43,0
1367176019925467137,0,0,0.83,0.92,0,0,0,0.08,0
1325808623692476417,0,1,0,0,1,0,0,0,0
1371860774235291653,1,0,0,0,0.8,0,0,0.9,0
1323865629749846016,1,0,0,0,0.4,0,0,0,0
1364689569321418755,0,0,0.92,0.16,0.96,0,0,0.68,0
1362379697762365440,0,1,0.9,0,0.8,0,0,0.4,0
1375070409842774023,1,1,0,0,0.83,0,0,0,0
1346552713564147712,0,0,0.83,0.92,0.98,0,0,0.76,0
1374204283030212608,1,0,0,0,1,0,0,0,0
1370087264240476171,1,0,0,0,1,0,0,0,0
1335722441746870272,0,0,0.83,0,0.67,0,0,0.17,0
1358411499606339585,0,0,0.8,0.9,0.7,0,0,0.2,0
1338486015028236289,1,0,0,0.02,0.5,0,0,0.48,0
1370381053823758336,0,1,0.8,0.9,0.7,0,0,0.6,0
1364668179067248640,0,0,0,0.1,0.8,0,0,0.2,0
1371597099104661504,0,0,0,0.03,0.93,0,0,0.67,0
1335594328492658691,0,0,0.92,0.98,0.22,0,0,0.82,0
1362517639843770368,1,1,0,0,0.9,0,0,0.1,0
1332819729627615232,0,0,0.81,0,0.62,0,0,0.41,0
1358817572989394944,1,0,0,0.75,1,0,0,0.25,0
1347190024782024704,0,0,0,0.93,0.88,0,0,0.17,0
1342455374499209217,1,0,0,0,0.96,0,0,0,0
1346928230876520453,0,1,,,,,,,
1348993865877884928,0,0,0.98,0.93,0.85,0,0,0.12,0
1375886949806919684,0,1,0.93,0.81,0.41,0,0,0.18,0
1320660356621062149,1,0,0,0,0.6,0,0,0,0
1375605998854021129,1,1,0,0,1,0,0,0,0
1349520313176870914,0,0,0,0,1,0,0,0,0
