tweet_id,stance,persuasiveness,0,1,2,3,4,5,6
1148501065308004357,1,0,0,0,0,0.9,0.8,0,0.1
1103872992537276417,0,0,0,0,0,1,1,0,1
1151528583623585794,1,0,0,0,0,1,1,0,1
1100166844026109953,1,0,0,0,0,1,1,0,0
1021830413550067713,0,1,0,0,0,1,1,0,0
1101125627984392192,1,0,0,0,0,0.92,0.95,0,0.9
1021869652329213952,0,1,0,0,0,0.85,0.98,0,0.12
1151273204926881795,0,0,0,0,0,1,1,0,0
1022558421046976512,1,0,0,0,0,1,1,0,1
1141294560989143040,1,0,0,0,0,1,1,0,1
1145368553622843393,0,0,0,0,0,1,1,0,0
1041895328788574208,0,1,0,0,0,1,1,0,0.5
1143827609471655937,0,1,0,0,0,1,1,0,1
1101529254423130112,1,0,0,0,0,1,1,0,1
1101557513139511296,1,0,0,0,0,1,1,0,1
1151002554672779264,1,0,0,0,0,1,1,0,1
1100840703595171840,1,0,0,0,0,1,1,0,1
1098995846186704897,1,0,0,0,0,1,1,0,1
1143988976962850818,0,0,0,0,0,1,1,0,1
1149264391629692929,0,0,0,0,0,1,1,0,0
1141882234661736453,0,0,0,0,0,1,1,0,0
1147753488165867520,0,0,0,0,0,1,1,0,0
1152594285067476992,0,0,0,0,0,0.83,0.92,0,0.99
1110186158305226752,0,1,0,0,1,1,1,0,0
1108790552034754560,0,0,0,0,0,1,1,0,0
1141501423177359362,1,1,0,0,0,1,1,0,1
1137134243069550598,0,1,0,0,0,0.5,0.6,0,1
1101602022212755456,1,0,0,0,0,1,1,0,1
1101583152101949440,1,0,0,0,0,1,1,0,1
1099875580684718081,0,0,0,0,0,0.8,0.9,0,0.1
1147530259887206400,1,1,0,0,0,1,1,0,1
1020292492183384065,0,1,0,0,0,0.83,0.92,0,0.08
1147208001289359361,0,0,0,0,0,1,1,0,0
1107784287368163330,0,0,0,0,0,1,1,0,1
1141294875008258049,0,0,0,0,0,1,1,0,1
1150117927879884804,0,1,0,0,0,1,1,0,0
1151424593195913218,0,1,0,0,0,1,1,0,0
1135345278255489024,0,1,0,0,0.5,1,1,0,0
1108751556013449216,0,1,0,0,0,1,1,0,0
1144286848942059520,0,1,0,0,0,1,1,0,0
1141283825114374145,1,0,0,0,0,1,1,0,1
1108752086349635585,0,1,0,0,0,1,1,0,0
1103187294821990400,1,0,0,0,0,1,1,0,1
1166713319794925568,1,1,0,0,0,1,1,0,0.95
1133437927315214336,1,0,0,0,0,1,1,0,1
1141739382782726144,0,1,0,0,0,1,1,0,0
1103165762515189760,1,0,0,0,0,1,1,0,1
1105729035039109120,0,0,0,0,0,1,1,0,0
1138844385561522180,1,0,0,0,0,1,1,0,1
1148977082904535040,0,0,0,0,0,1,1,0,1
1136180841338609665,0,0,0,0,0,1,1,0,1
1149351190733312002,0,0,0,0,0,1,1,0,0
1148182449681252354,0,0,0,0,0,1,1,0,0
1147509132049735680,0,0,0,0,0,1,1,0,0
1099023568518561797,0,0,0,0,0,1,1,0,0
1021872674711248898,0,0,0,0,0,1,1,0,0
1101566787156656129,1,0,0,0,0,1,1,0,1
1140646279581708293,0,0,0,0,0,1,1,0,1
1106256901656981505,0,1,0,0,0,0.83,0.93,0,0.87
1109167655016120320,0,0,0,0,0,1,1,0,1
1103111264786477056,0,0,0,0,0,1,1,0,0
1101559757729656834,1,1,0,0,0,1,1,0,1
1149664896939806726,0,0,0,0,0,1,1,0,0
1103165818135867392,1,1,0,0,0,0.95,0.97,0,0.99
1146788473241817088,0,0,0,0,0,1,1,0,0
1143957808758448128,0,0,0,0,0,1,1,0,0
1148500943694127104,0,1,0,0,0,1,1,0,0
1146418842954031105,0,0,0,0,0,1,1,0,0
1145863433486774272,0,0,0,0,0,1,1,0,0.99
1141397894588747778,0,1,0,0,0,1,1,0,0
1103378002925170688,0,1,0,0,0,1,1,0,0
1144387623739428865,0,0,0,0,0,1,1,0,0
1139157882585407489,0,0,0,0,0,1,1,0,0
1143605046300631040,1,0,0,0,0,1,1,0,0
1107298937663340544,0,1,0,0,0,1,1,0,0
1109023605667651584,1,0,0,0,0,1,1,0,0
1149634841001906177,0,0,0,0,0,1,1,0,0.5
1146578523051532288,1,0,0,0,0.53,0.6,0.83,0,0.95
1352841030362669056,0,0,0,0,0,1,1,0,0
1151536067243401224,1,1,0,0,0,1,1,0,1
1150566948192882688,0,0,0,0,0,1,1,0,0
1133482216770686977,1,1,0,0,0,1,1,0,1
1103166570694610946,1,0,0,0,0,1,1,0,1
1133447918118162432,1,0,0,0,0,1,1,0,1
1133470029347844096,0,0,0,0,0.5,0.75,0.9,0,0.8
1133832398431444992,1,1,0,0,0,1,1,0,1
1018237459270914049,0,0,0,0,0,1,1,0,0
1145735866297540609,0,0,0,0,0,1,1,0,0
1152814383082430472,0,0,0,0,0,1,1,0,1
1147512751193034752,0,0,0,0,0,1,1,0,1
1135146633195393024,1,0,0,0,0,1,1,0,1
1151124535749615618,0,1,0,0,0,1,1,0,0
1216780451588837376,1,1,0,0,0,0.93,0.87,0,0.95
1186365259382185985,1,0,0,0,0,1,1,0,1
1070726604907675648,0,0,0,0,0,1,1,0,0
1093660725095075840,0,0,0,0,1,1,1,0,1
1294302763338219520,0,0,0,0,0,1,1,0,0
1224774671071154177,0,0,0,0,0,1,1,0,0
1212910181283225601,1,0,0,0,0,1,1,0,0
1185684605342486530,0,0,0,0,0,1,1,0,0
1080024105926066177,0,0,0,0,0,1,1,0,0
1305873546959294469,1,0,0,0,0,1,1,0,1
1305872986889650176,0,1,0,0,0,1,1,0,0
1124701947510968322,1,0,0,0,0,0.9,0.8,0,0.95
1131162068445327361,0,0,0,0,0,1,1,0,0.99
1072092856905551873,0,1,0,0,0,1,1,0,1
1162109638386626560,0,1,0,0,0,0.8,0.9,0,0.1
1357737258078642180,0,1,0,0,0,1,1,0,1
1266369045445500933,0,0,0,0,0,1,1,0,0
1359732744763305988,1,0,0,0,0,0.9,0.9,0,0.9
1352350662189715456,1,1,0,0,0,1,1,0,1
1359216975646519302,0,1,0,0,0,1,1,0,1
1212685280098095104,0,1,0,0,0,0.8,0.9,0,0.1
1235359952413179904,0,0,0,0,0,1,1,0,0
1020416826801639424,1,0,0,0,0,1,1,0,1
1156331132700381185,1,0,0,0,0,1,1,0,1
1071428088762851328,0,0,0,0,0,0.93,0.93,0,0.99
1217065118644756480,0,0,0,0,0,1,1,0,0
1274091206859866112,1,0,0,0,0,1,1,0,1
1255227190578425858,0,0,0,0,0,1,1,0,0
1196489663525130240,0,1,0,0,0,1,1,0,0
1053356834168410112,0,0,0,0,0,0.99,0.98,0,0.01
1268195963228893186,0,1,0,0,0,1,1,0,0
1067463197760745472,0,0,0,0,0,1,1,0,0
1183791605213364224,0,0,0,0,0,1,1,0,0
1357527743890554880,0,0,0,0,0,1,1,0,0
1276571861480992768,0,0,0,0,0,1,1,0,0
1166340376531263490,0,0,0,0,0,1,1,0,0
1183146026192035841,0,0,0,0,0,1,1,0,0
1270124453616406533,1,1,0,0,0,0.83,0.92,0,0.83
1363951398031945731,0,0,0,0,0,1,1,0,0
1042760469168226304,0,0,0,0,0,1,1,0,1
1079412746393915392,0,1,0,0,0,0.92,0.96,0,0.08
1042896281105035264,0,1,0,0,0,1,1,0,0.5
1366215387549958149,1,1,0,0,0,1,1,0,1
1163094276257067009,1,1,0,0,0,1,1,0,1
1289675181250625538,0,0,0,0,0,1,1,0,0
1213722289675669504,1,1,0,0,0,0.95,0.9,0,0.85
1240304713670803459,0,0,0,0,0,1,1,0,1
1293310001319227392,1,1,0,0,0,1,1,0,1
1031169359488536578,0,0,0,0,0,0.8,0.9,0,0.7
1158522840678690816,0,1,0,0,0,1,1,0,0
1163091038891905025,1,1,0,0,0,1,1,0,1
1356554150050471936,0,0,0,0,0,1,1,0,0
1131465213956386816,1,1,0,0,0,0.88,0.99,0,0.95
1180483254371147779,0,1,0,0,0,1,1,0,0
1278908884992876545,0,0,0,0,0,1,1,0,0
1232516670876528640,1,0,0,0,0.5,1,1,0,0.9
1192405734639767552,0,0,0,0,0,1,1,0,0
1359047077951664128,0,1,0,0,0,0.98,0.99,0,0.96
1071109659149459457,0,0,0,0,0,1,1,0,0
1082377836143480834,0,1,0,0,0,1,1,0,0
1194314211142381569,0,0,0,0,0,1,1,0,0
1175642744456384513,0,1,0,0,0,1,1,0,1
1284482558944661505,0,1,0,0,0,1,1,0,1
1216052175790649345,0,0,0,0,0,1,1,0,0
1031362174176788480,1,1,0,0,0,0.85,0.95,0,0.9
1278404940491378688,1,1,0,0,0,0.9,0.8,0,0.95
1092265322575548418,0,1,0,0,0,1,1,0,0
1044695605438812160,0,0,0,0,0,0.88,0.97,0,0.01
1272653622048948224,0,0,0,0,0,1,1,0,0
1239623400840220678,0,0,0,0,0,1,1,0,0
1298943733963124736,0,0,0,0,0,1,1,0,0
1365027633986166788,0,1,0,0,0,1,1,0,0
1184808613312958465,0,0,0,0,0,1,1,0,0
1231217272615776259,0,1,0,0,0,1,1,0,0
1073302697418330117,0,1,0,0,0,1,1,0,0
1184249544168468480,0,0,0,0,0,1,1,0,0
1277641368438005760,0,0,0,0,0,1,1,0,1
1209132536011644928,0,1,0,0,0,1,1,0,0
1352746874827116544,1,0,0,0,0,1,1,0,1
1237371365000429569,1,0,0,0,0,1,1,0,1
1082706933340090368,1,0,0,0,0,1,1,0,1
1205603914239877120,0,0,0,0,0,1,1,0,0
1358900673060995072,0,0,0,0,0,0.95,0.95,0,0
1239979859398610955,0,1,0,0,0,1,1,0,0
1237926543181127681,0,0,0,0,0,1,1,0,0
1306352179121397760,0,1,0,0,0,1,1,0,0
1123551135640489984,0,1,0,0,0,1,1,0,0
1197973021593686016,0,0,0,0,0,0.92,0.98,0,0.08
1285589421656612865,1,0,0,0,0,1,1,0,1
1224860309929824256,1,1,0,0,0,0.93,0.88,0,0.97
1242352115298820096,1,0,0,0,0,1,1,0,0
1291969379752525824,1,0,0,0,0,1,1,0,1
1356060275686985733,0,0,0,0,0,1,1,0,0
1352703190307926018,0,1,0,0,0,1,1,0,0
1277698671744712705,0,0,0,0,0.5,1,1,0,1
1252658438255128581,1,0,0,0,0,0.93,0.88,0,0.91
1302517069112643584,1,0,0,0,0,1,1,0,1
1183794396975763457,0,0,0,0,0,0.93,0.96,0,0.07
1366478776423637006,0,0,0,0,0,1,1,0,0
1355229224966082561,0,1,0,0,0,0.87,0.98,0,0
1277615497098362880,0,0,0,0,0,1,1,0,0
1250712751040679938,1,0,0,0,0,1,1,0,1
1362030682051145755,0,0,0,0,0,1,1,0,0.96
1293957438006349826,0,1,0,0,0,1,1,0,0
1161661570361044993,0,0,0,0,0,1,1,0,0
1069289405817466880,0,0,0,0,0,1,0,0,0
1174856957607522305,0,1,0,0,0,1,1,0,1
1075775669223608321,0,0,0,0,0,1,1,0,0.5
1078868219518177280,0,0,0,0,0,1,1,0,1
1281577417983877124,1,0,0,0,0,1,1,0,1
1306387394548170754,0,1,0,0,0,1,1,0,0
1213633089810898945,0,1,0,0,0,0.95,0.98,0,0
1097600397848526849,0,0,0,0,0,1,1,0,0
1225031889095884800,1,0,0,0,0,1,1,0,1
1191753006431318016,1,0,0,0,0,1,1,0,1
1072551780616151044,1,0,0,0,0,1,1,0,1
1116697315237036033,1,0,0,0,0,1,1,0,1
1249104955140722688,0,0,0,0,0,1,1,0,0
1035122428295434242,0,0,0,0,0,0.95,0.9,0,0.8
1366433789229096967,0,0,0,0,0,1,1,0,1
1121051317819064321,0,0,0,0,0,1,1,0,1
1050027432231690240,0,1,0,0,0,1,1,0,0
1283050473206030338,1,0,0,0,0,1,1,0,1
1272919596664795139,0,0,0,0,0,1,1,0,1
1168917506708426752,0,0,0,0,0,1,1,0,0
1363118710840459269,1,0,0,0,0,1,1,0,1
1238147866041950210,0,0,0,0,0,1,1,0,0
1351584272730124288,1,0,0,0,0,1,1,0,1
1022571019423416320,0,0,0,0,0,1,1,0,0
1192064654421512192,0,0,0,0,0,1,1,0,0
1165231049259061249,0,0,0,0,0,1,1,0,1
1270459545635168257,0,0,0,0,0,1,1,0,0
1132763091588882432,1,0,0,0,0,0.95,0.9,0,0.8
1081906833831251968,0,0,0,0,0,0.99,0.98,0,0
1212079398536597507,1,1,0,0,0,1,1,0,1
1121105495660609537,0,0,0,0,0,1,1,0,0
1165816501108187136,0,1,0,0,0,1,1,0,0
1279148089933250562,0,0,0,0,0,1,1,0,0
1258909664474955776,0,0,0,0,0,1,1,0,0
1168887794430816256,0,0,0,0,0,1,1,0,0
1187052832924585984,1,1,0,0,0,1,1,0,1
1045313183131418624,0,0,0,0,0,1,1,0,0
1234569351396806657,0,0,0,0,0,1,1,0,0
1174461268574519296,0,0,0,0,0,1,1,0,0
1257508753542393856,1,0,0,0,0,1,1,0,1
1167434551402094592,0,0,0,0,0,1,1,0,0
1063833987079122946,0,1,0,0,0,1,1,0,0
1062345209877618690,0,0,0,0,0,1,1,0,1
1278005606943723523,0,0,0,0,0,1,1,0,0
1227969942198222849,0,0,0,0,0,1,1,0,0
1270242340204994565,0,1,0,0,0,1,1,0,0
1285244191749136385,1,0,0,0,0,1,1,0,0
1354036517216399360,0,0,0,0,0,1,1,0,1
1212901260195704834,1,1,0,0,0,1,1,0,1
1208070158461362177,0,0,0,0,0,1,1,0,0
1308794575700590593,0,1,0,0,0,1,1,0,0
1182864092437995520,1,0,0,0,0.5,0.8,0.9,0,1
1023320371733381127,0,0,0,0,0,1,1,0,0
1360688451578953730,0,0,0,0,0,1,1,0,0
1210921786566561794,0,1,0,0,0,1,1,0,0
1241019221066334208,0,1,0,0,0,1,1,0,0
1273655416107515904,0,0,0,0,0.9,0.8,0.8,0,0.95
1169719239206264832,0,1,0,0,0,1,1,0,1
1365374047295582214,0,1,0,0,0,1,1,0,0
1353002531383873538,0,1,0,0,0,1,1,0,0
1052416455290101760,0,0,0,0,0,1,1,0,1
1130649006307258369,0,1,0,0,0,1,1,0,0
1353455054489935873,0,0,0,0,0,1,1,0,1
1293637248060141573,1,0,0,0,0,1,1,0,0
1055464903362916352,0,0,0,0,0,1,1,0,1
1117957051152502784,1,0,0,0,0,1,1,0,1
1177766210273972224,1,0,0,0,0,1,1,0,1
1075239391017209857,0,0,0,0,0,1,1,0,0
1228157960150507520,0,0,0,0,0,1,1,0,0
1180301663497785344,0,0,0,0,0,1,1,0,0
1185005367157280768,0,0,0,0,0,1,1,0,0
1359923968619200520,0,0,0,0,0,0.9,0.99,0,0
1205916504023273474,0,0,0,0,0,1,1,0,1
1300787020944601088,1,0,0,0,0,0.5,0.9,0,0.7
1351585845917184001,1,1,0,0,0,1,1,0,1
1230552745490419712,0,1,0,0,0,1,1,0,0
1226181394197401602,0,1,0,0,0,1,1,0,0
1286397296532389888,0,0,0,0,0,1,1,0,0
1230540412449939458,0,1,0,0,0,1,1,0,0
1299115331537993728,0,0,0,0,0,0.5,0.75,0,0.9
1266788984799330304,0,0,0,0,0,1,1,0,1
1039267861057814528,0,0,0,0,0,0.95,0.9,0,0.75
1263251313053368329,0,0,0,0,0,1,1,0,0
1195455957322436608,0,1,0,0,0,1,1,0,1
1298092968142872578,0,0,0,0,0,0.9,0.95,0,0.75
1027621912955023360,1,0,0,0,0,1,1,0,1
1255148569763262471,1,0,0,0,0,1,1,0,1
1170888835338625026,0,0,0,0,0,1,1,0,0
1093210968253968385,1,0,0,0,0,1,1,0,0
1281418571223126018,0,1,0,0,0,1,1,0,0
1354864434733338627,1,0,0,0,0,1,1,0,1
1038068554397089792,0,0,0,0,0,1,1,0,0
1189313991295852544,1,1,0,0,0,0.8,0.9,0,0.95
1237754302627811336,1,1,0,0,0,0.85,0.95,0,0.95
1271613268927315968,0,1,0,0,0,1,1,0,0
1252752079505854464,1,0,0,0,0,1,1,0,0
1171519474970710016,0,1,0,0,0,1,1,0,0
1187669559798652929,0,0,0,0,0,1,1,0,0
1357469292917366786,0,0,0,0,0,1,1,0,0.1
1354925419133333514,0,0,0,0,0,1,1,0,0
1283516577669722112,0,0,0,0,0,1,1,0,0
1047926598668881922,0,0,0,0,0,1,1,0,0
1200447549133524993,1,1,0,0,0,1,1,0,1
1352624647913820161,1,0,0,0,0,1,1,0,1
1198299728796098560,0,1,0,0,0,0.87,0.78,0,0.98
1050029966262382593,0,1,0,0,0,1,1,0,0
1196752518489001985,0,1,0,0,1,1,1,0,0
1204746651778375680,0,1,0,0,0,0.8,0.9,0,0.1
1300758629591781377,0,0,0,0,0,1,1,0,0
1289286378874839040,1,0,0,0,0,1,1,0,1
1039237536340631552,0,0,0,0,0,1,1,0,0
1234892571039719425,1,0,0,0,0,1,1,0,1
1263411529891762178,1,0,0,0,0,0,1,0,0
1208809596321771520,0,1,0,0,0,1,1,0,0
1077740279711567873,0,0,0,0,0,1,1,0,0
1356257137417199619,0,0,0,0,0,0.5,0.8,0,0.4
1162314259658891264,0,0,0,0,0,1,1,0,0
1128796906203824128,0,0,0,0,0,1,1,0,0
1188162639030915077,0,1,0,0,0,1,1,0,0
1355280726183317508,0,0,0,0,0,1,1,0,0
1211653884021747712,1,0,0,0,0,1,1,0,0
1119968055189221376,0,1,0,0,0,1,1,0,0
1200536212550946819,0,0,0,0,0,1,1,0,1
1158438826928410631,0,0,0,0,0,1,1,0,0
1230626358004527104,0,0,0,0,0.3,1,1,0,1
1118945791249248257,1,0,0,0,0,1,1,0,1
1204454561617973248,0,0,0,0,0,1,1,0,1
1209865337438687232,0,1,0,0,0,1,1,0,0
1176155603099705344,0,1,0,0,0,1,1,0,1
1097874618013106177,0,0,0,0,1,1,1,0,0
1247674192876703745,1,0,0,0,0,1,1,0,1
1260178213164195840,0,1,0,0,0,1,1,0,0
1216385788000137216,1,0,0,0,0,1,1,0,0
1352697800933441537,1,0,0,0,0,1,1,0,1
1211712029377122310,0,1,0,0,0,1,1,0,0
1175600390668214272,1,1,0,0,0,1,1,0,1
1024423326385618944,0,0,0,0,0,1,1,0,0
1214400203962245121,0,0,0,0,0,0.99,0.99,0,0
1075078617414004736,0,0,0,0,0,0.83,0.92,0,0.08
1211608474116857856,0,1,0,0,0,1,1,0,0
1242986331938193409,0,1,0,0,0,1,1,0,0
1208542234364317696,0,0,0,0,0,0.5,0,0,0
1098004581760622592,0,1,0,0,0,1,1,0,0
1063188695245762560,0,0,0,0,0,1,1,0,0
1076918729697619968,0,0,0,0,0,1,1,0,0
1223609165559607296,0,1,0,0,0,1,1,0,0.5
1119073205342363648,0,0,0,0,0,1,1,0,0
1267742256582320130,0,0,0,0,0,1,1,0,0
1211678573133742082,0,1,0,0,0,0.83,0.92,0,0
1262414988557385731,1,1,0,0,0,1,1,0,0
1359113523813580801,1,0,0,0,0,1,1,0,1
1070003741909241858,0,0,0,0,0,1,1,0,1
1098001786676236289,1,1,0,0,0,1,1,0,1
1279253613945204736,0,0,0,0,0,1,1,0,0
1364660350134673409,1,1,0,0,0,0.93,0.83,0,0.67
1220039080668540928,1,0,0,0,0,1,1,0,1
1163936804006977536,0,0,0,0,0,1,1,0,0
1068353986334461952,0,0,0,0,0,1,1,0,0
1045841527799304192,0,1,0,0,0,1,1,0,0
1186649673211273218,1,0,0,0,0,0.9,0.8,0,0.95
1185926496415834114,1,0,0,0,0,1,1,0,1
1134105736122916864,1,0,0,0,0,1,1,0,1
1283036531486273538,1,0,0,0,0,0.83,0.92,0,0.97
1215438308936966150,1,0,0,0,0,1,1,0,1
1226778905635360768,1,0,0,0,0,1,1,0,1
1062413366986104832,0,0,0,0,0,1,1,0,0
1161629336090398720,1,0,0,0,0,1,1,0,1
1159894655531704322,0,1,0,0,0,0.83,0.92,0,0
1352521301555085312,0,0,0,0,0,0.9,0.95,0,0.9
1229429371578048513,0,1,0,0,0,1,1,0,0
1091005032277962753,1,1,0,0,0,0.8,0.9,0,0.95
1067479426961686529,0,0,0,0,0,0.8,0.9,0,0.6
1278132163523862528,0,1,0,0,0,1,1,0,1
1201151976819560450,1,0,0,0,1,1,1,0,0
1231932531995340806,1,0,0,0,0,1,1,0,0.5
1180239880795951110,0,1,0,0,0,1,1,0,0
1166802746613411840,0,1,0,0,0,1,1,0,0
1226548075101114369,0,1,0,0,0,1,1,0,0
1239959870540894209,0,0,0,0,0,1,1,0,0
1201088378864885760,1,1,0,0,0,1,1,0,0
1134161388316909569,1,0,0,0,0,1,1,0,1
1076274920546541568,0,1,0,0,0,1,1,0,0
1118850436197490688,0,0,0,0,0,1,1,0,0
1274368580797202437,0,0,0,0,0,1,1,0,0
1096199920908988416,0,0,0,0,0,1,1,0,0
1172692252558118912,1,0,0,0,0,1,1,0,1
1183891722121687040,0,0,0,0,0,0.96,0.99,0,0.97
1052412036334972928,1,0,0,0,0,1,1,0,0.8
1074016436606033920,1,0,0,0,0,1,1,0,1
1268920037286404103,0,0,0,0,0,1,1,0,0
1233474999509495809,0,0,0,0,0,1,1,0,1
1186582969546366976,1,0,0,0,0,0.8,0.9,0,0.95
1236410105408692224,0,0,0,0,0,0.83,0.92,0,0.17
1048289435761221632,0,1,0,0,0,0.99,0.99,0,0.99
1261394696640663553,0,1,0,0,0,1,1,0,0
1303634457606447104,1,0,0,0,0,1,1,0,1
1053239145093447681,1,0,0,0,0,1,1,0,1
1308121875298553856,0,1,0,0,0,0.83,0.92,0,0.08
1163917236945465345,1,1,0,0,0,1,1,0,1
1363202047416414208,0,0,0,0,0,0.9,1,0,1
1071438731310063616,0,1,0,0,0,1,1,0,0
1161783373284724738,0,1,0,0,0,1,1,0,1
1227774390823260160,1,1,0,0,0,1,1,0,1
1245562974867251200,0,0,0,0,0,1,1,0,0
1221907998152577024,0,0,0,0,0.4,1,1,0,0.6
1048184550487089154,0,1,0,0,0.5,1,1,0,1
1132322341902606336,1,0,0,0,0,1,1,0,1
1278855985763954691,0,0,0,0,0,1,1,0,0
1077205033282809856,0,1,0,0,0.5,1,1,0,0
1266103223259185152,1,0,0,0,0,1,1,0,1
1243964580075909120,1,0,0,0,0,1,1,0,1
1287774158714175490,1,0,0,0,0,1,1,0,1
1211679637941694465,0,0,0,0,0,0.8,0.95,0,0.9
1357811866966319104,0,0,0,0,0.43,0.8,1,0,0.95
1078315878477955073,0,0,0,0,0,1,1,0,0
1351587030480797697,0,1,0,0,0,1,1,0,0
1071852958856433664,0,0,0,0,0,1,1,0,1
1154842077747974146,1,0,0,0,0,0.83,0.92,0,0.98
1072831542513360896,0,0,0,0,0,0.92,0.98,0,0.99
1278338869826662402,0,0,0,0,0,1,1,0,0
1238904014810603523,0,0,0,0,0,1,1,0,0
1166369336640049158,0,1,0,0,0,1,1,0,0.1
1030088429651091456,0,0,0,0,0,1,1,0,0
1220320179336425473,1,0,0,0,0,1,1,0,1
1202591723366633472,0,0,0,0,0,0.91,0.9,0,0.99
1027757971474980864,0,0,0,0,0,1,1,0,0
1070458938674610176,0,1,0,0,0,1,1,0,0
1365290724011483136,0,1,0,0,0,1,1,0,0
1161407119289147394,0,0,0,0,0,1,1,0,1
1162105892340412433,0,1,0,0,0,0.95,0.9,0,0.05
1293839218331049984,0,1,0,0,0,1,1,0,1
1068912512878424064,0,0,0,0,0,1,1,0,0
1364267428490989568,1,1,0,0,0,0.83,0.92,0,0.98
1195117707210973184,0,0,0,0,0,1,1,0,1
1353661519750430720,0,1,0,0,0,1,1,0,0
1205896539366928384,0,1,0,0,0,0.83,1,0,0.17
1306974117841821696,0,0,0,0,0,1,1,0,0
1263809446976860160,0,0,0,0,0,1,1,0,0.01
1239944887879032834,1,0,0,0,0,1,1,0,1
1070553429007892481,0,0,0,0,0,1,1,0,1
1184138064718782465,0,0,0,0,0,0.88,0.99,0,0.02
1027601770623762432,0,0,0,0,0,1,1,0,0
1116437372063887367,0,1,0,0,0,1,1,0,0
1260312940210794502,0,1,0,0,0,0.89,0.98,0,0.12
1182258189229809664,0,1,0,0,0,1,1,0,1
1308151821169459201,1,0,0,0,0,0.8,0.85,0,0.1
1110346636713177089,1,0,0,0,0,1,1,0,1
1277722547765702656,0,0,0,0,0,1,1,0,0
1061520238225842182,0,0,0,0,0,1,1,0,0
1168931769267216384,1,1,0,0,0,0.97,0.97,0,0.98
1134337742379409408,0,0,0,0,0,1,1,0,0
1027323755733762048,0,0,0,0,0,1,1,0,0
1048739845240246272,1,1,0,0,0,1,1,0,1
1027186977416916993,1,0,0,0,0,1,1,0,1
1177300615627755528,0,1,0,0,0,1,1,0,0
1203650577286062080,0,0,0,0,0,0,0,0,0
1243946039570202624,0,1,0,0,0,1,1,0,0
1206997638312267777,0,1,0,0,0,1,1,0,0
1352133840970665984,0,0,0,0,0,1,1,0,0
1360333126858334214,0,0,0,0,0,1,1,0,0
1119730006429708292,1,0,0,0,0,1,1,0,1
1087778926343135235,0,0,0,0,0,1,1,0,0
1076201531685388288,0,0,0,0,0,0.5,0.9,0,0.1
1205169866434646016,0,1,0,0,0,1,1,0,0
1046385057701785600,1,1,0,0,0,0.8,0.9,0,0.9
1270386682655920130,0,0,0,0,0,1,1,0,0
1271822744141869057,1,0,0,0,0,1,1,0,1
1072493691909095424,0,0,0,0,0,1,1,0,0
1091008966048575488,0,0,0,0,0,1,1,0,1
1195716157615091714,1,0,0,0,0,1,1,0,1
1186649921706954758,0,1,0,0,0,1,1,0,0
1071091986575360000,0,1,0,0,0,1,1,0,0
1124009336764796929,0,0,0,0,1,1,1,0,0
1184543456871497730,0,0,0,0,0,1,1,0,0
1293294871432708097,1,0,0,0,0,1,1,0,1
1214970236585283589,0,1,0,0,0,1,1,0,0
1363949181128249348,0,0,0,0,0,0.89,0.88,0,0.99
1308667812572024833,1,0,0,0,0,1,1,0,0
1214607736236888067,0,1,0,0,0,1,1,0,1
1179201990901022722,0,0,0,0,0,0.8,0.9,0,0.9
1234710453638447104,0,0,0,0,0,0.5,0.5,0,0.5
1088091522308993024,1,0,0,0,0,1,1,0,1
1190682547455512576,0,1,0,0,0,1,1,0,0
1276149707883130880,0,0,0,0,0,0.83,0.92,0,0.67
1171519750926557186,0,1,0,0,0,1,1,0,0.06
1357754632848756742,0,0,0,0,0,1,1,0,0
1157424626227503104,0,1,0,0,0.51,0.83,0.92,0,0.91
1366490946137956357,1,0,0,0,0,0.8,0.9,0,0.95
1179053421191671814,0,1,0,0,0,1,1,0,0
1201561811918708742,0,0,0,0,0,1,1,0,0
1070726064534474752,0,0,0,0,0,1,1,0,0
1285657068809211904,0,0,0,0,0,0.83,0.92,0,0.08
1359126957762310144,1,0,0,0,0,1,1,0,1
1115283784843366402,0,0,0,0,0.5,0.8,0.9,0,0.2
1365352194178957321,0,0,0,0,0,1,1,0,0
1225222577397915650,0,0,0,0,0,1,1,0,0
1365376105662840832,0,1,0,0,0,1,1,0,0
1222225337339256832,1,0,0,0,0,1,1,0,1
1204463159144329216,0,0,0,0,0,1,1,0,0
1089280745435250688,0,0,0,0,0,1,1,0,0
1166083978262130688,0,0,0,0,0,0.8,0.9,0,0.1
1268925809726754816,0,0,0,0,0,1,1,0,0.25
1080015771504275457,1,1,0,0,0,1,1,0,1
1075959050301509632,0,0,0,0,0,1,1,0,0
1362168369777106947,0,0,0,0,0.5,1,1,0,0
1170203003782983680,1,0,0,0,0,1,1,0,1
1235687230502391808,0,1,0,0,0,1,1,0,0
1085342125263388672,0,0,0,0,0,1,1,0,0.5
1178334851038089217,0,1,0,0,0,1,1,0,0.95
1161592588119478272,0,1,0,0,0,1,1,0,1
1257322150207209474,1,1,0,0,0,1,1,0,1
1231692790012272641,0,0,0,0,0,1,1,0,0
1182922750853341187,0,0,0,0,0,1,1,0,0
1200836918386315264,0,0,0,0,0,1,1,0,0
1212396191020978184,0,0,0,0,0,1,1,0,0
1290447779710599169,0,0,0,0,0,1,1,0,0.5
1062419910192701445,0,0,0,0,0,0.83,0.95,0,0
1238451830163746818,0,0,0,0,0,0.85,0.65,0,0.95
1120110594730930176,1,0,0,0,0,1,1,0,0.99
1367169410201452544,0,0,0,0,0.6,0.8,0.9,0,0.9
1360619997605822467,0,0,0,0,0,1,1,0,0
1248294689612222468,0,0,0,0,0,1,1,0,0
1115440585752678403,0,0,0,0,0,1,1,0,0
1073216893970862080,0,0,0,0,0,1,1,0,0
1280188568464502784,0,0,0,0,0,1,1,0,0
1276163332664430597,0,0,0,0,0,1,1,0,0
1300761592611700739,0,0,0,0,0,0.86,1,0,1
1158562414146641920,0,0,0,0,0,1,1,0,0
1215680264447385600,0,0,0,0,0,1,1,0,0
1083695299703517184,0,0,0,0,0,0.87,0.99,0,0.87
1361686018118746114,0,0,0,0,0,1,1,0,0
1362647547945361409,1,0,0,0,0.8,0.7,1,0,1
1190926767495766016,0,1,0,0,0,1,1,0,0
1283039546813362179,0,1,0,0,0,0.8,0.9,0,0.95
1193297124810797056,1,0,0,0,0,1,1,0,1
1078701870489706502,0,0,0,0,0,1,1,0,0
1110340552992661504,0,0,0,0,0,1,1,0,0
1020955805485498368,1,0,0,0,0,0.93,0.83,0,0.85
1110587829095153665,0,0,0,0,1,1,1,0,0
1357783017931030528,1,1,0,0,0,1,1,0,1
1361779131529056256,0,0,0,0,0,0.85,0.95,0,0.15
1354228628238823429,0,0,0,0,0,0.98,0.99,0,0
1181597618327232513,0,1,0,0,0,0.93,0.88,0,0.08
1153250629927821313,0,1,0,0,0,1,1,0,0
1120660667458039808,0,0,0,0,0,1,1,0,0
1213535444463489024,0,1,0,0,0,1,1,0,0
1075081792804159493,0,1,0,0,0,1,1,0,0
1234204354149801986,1,0,0,0,0,1,1,0,1
1168934569871065088,0,0,0,0,0,1,1,0,0
1276882394738548737,1,0,0,0,0,1,1,0,0
1174098959104561155,0,1,0,0,0,1,1,0,0
1171468776350420993,0,1,0,0,0,1,1,0,0
1157672664661499909,0,0,0,0,0,1,1,0,0
1359119281338920970,1,1,0,0,0,1,1,0,1
1235231783320506371,1,0,0,0,0,1,1,0,1
1171420651909001216,0,1,0,0,0,1,1,0,0.6
1255146511077265408,1,0,0,0,0,0.87,1,0,1
1095716203786629123,0,0,0,0,1,1,1,0,0
1293987193443287040,0,0,0,0,0.13,0.97,0.93,0,0.07
1125783824099471360,1,1,0,0,0,1,1,0,0
1117440069135216642,1,0,0,0,0,1,1,0,1
1068333802580312065,0,0,0,0,0,0.83,0.9,0,0
1027178282637295616,0,1,0,0,0,1,1,0,1
1074731687697899520,0,1,0,0,0,1,1,0,0
1048142838360363008,0,0,0,0,0,1,1,0,0.5
1220696360787365890,1,0,0,0,0,0.95,1,0,1
1206983661767266305,0,0,0,0,0,1,1,0,0
1076505474516738048,0,0,0,0,0,1,1,0,1
1201916210541219847,1,0,0,0,0,0.95,0.9,0,0.95
1215740117165527046,1,0,0,0,0,1,1,0,0.43
1158764822894391296,0,1,0,0,0,1,0,0,1
1249832098359324673,0,1,0,0,0,1,1,0,0
1240309511375564801,1,0,0,0,0,1,1,0,0
1057655766541316096,0,1,0,0,0,1,1,0,1
1221845584841248769,1,0,0,0,0,0.95,0.95,0,0.98
1048406402329264129,0,1,0,0,0,1,1,0,0
1022473597326114816,0,0,0,0,0,1,1,0,0
1133400100171112449,1,0,0,0,0,1,1,0,1
1075844288838320129,0,1,0,0,0,0.8,0.9,0,0.1
1283203628560338949,0,0,0,0,0,1,1,0,0
1287780053414227972,0,0,0,0,0,1,1,0,0
1280995663657009153,0,0,0,0,0,0.8,0.9,0,0.95
1272560725161115653,1,0,0,0,0,1,1,0,1
1366085648189435905,0,0,0,0,0,0.5,0.67,0,0.93
1256602902967341057,1,0,0,0,0,0.93,0.97,0,0.99
1093946397093777409,0,1,0,0,0,1,1,0,0
1357119690003386377,0,0,0,0,0,1,1,0,0
1070056426545004547,0,0,0,0,0,0.9,0.7,0,0.1
1174336304923992066,0,1,0,0,0,1,1,0,1
1041487332216631297,1,1,0,0,0,0.9,0.95,0,0.95
1300773017719631874,0,0,0,0,0,1,1,0,0
1356626014303043584,0,0,0,0,0,1,1,0,0
1133412515101102080,1,0,0,0,0.43,1,1,0,0.99
1204459452532834304,0,0,0,0,0,1,1,0,1
1259978354964357120,0,1,0,0,0,1,1,0,0
1189576528125943808,0,0,0,0,0,1,1,0,0
1202166799808241664,0,0,0,0,0,1,1,0,0
1191368090719797249,0,0,0,0,0,1,1,0,0
1233787822471106560,0,0,0,0,0,1,1,0,0
1249725517575700481,0,0,0,0,0,1,1,0,1
1189327981988188161,0,1,0,0,0,1,1,0,0
1250251086532956160,0,0,0,0,0,1,0.94,0,0.06
1198011273553809412,0,0,0,0,0,1,1,0,0
1257542475922710529,0,0,0,0,0,1,1,0,0
1233072334921093121,0,0,0,0,0,0.99,1,0,0.01
1272618800702263305,0,0,0,0,0,1,1,0,0
1170677146509107200,1,0,0,0,0,1,1,0,1
1199316968840536066,0,0,0,0,0,0.86,1,0,1
1190091099529986048,1,0,0,0,0,0.98,1,0,0.99
1254594322407854080,0,1,0,0,0,1,1,0,0.6
1159850444295794688,1,0,0,0,0,1,1,0,1
1177293419829432320,0,0,0,0,0,1,1,0,1
1174155527640813569,0,0,0,0,0,1,1,0,0
1158568057297444864,0,0,0,0,0,1,1,0,0
1362145215751086083,1,0,0,0,0,1,1,0,1
1261280448157753344,0,1,0,0,0,1,1,0,0
1256980599346257923,0,0,0,0,0,1,1,0,0
1241921989155205123,0,0,0,0,0,1,1,0,0
1092089983354032128,0,0,0,0,0,1,1,0,1
1154681075861544961,1,0,0,0,0,0.95,0.9,0,0.98
1170384289017532422,0,1,0,0,0,0.81,0.99,0,0
1020493827583414272,0,0,0,0,0,1,1,0,0
1068775862575611904,0,0,0,0,0,1,1,0,0
1159776308173463554,0,0,0,0,0,0.94,0.95,0,0.99
1352666276909477888,1,0,0,0,0,1,1,0,1
1185231617264181248,0,0,0,0,0,1,1,0,0
1284616491271442433,1,0,0,0,0,1,1,0,1
1206976607363227648,1,0,0,0,0,1,1,0,1
1178720910309761024,0,0,0,0,0,1,1,0,0
1364902967946674179,0,0,0,0,0,1,1,0,0
1133271388767367173,1,1,0,0,0,0.83,0.92,0,0.98
1357433753740673028,0,0,0,0,0,1,1,0,0
1356422438410727424,0,0,0,0,0,0.8,0.8,0,0.6
1078098146494951424,0,0,0,0,0,1,1,0,0
1160000604112084995,0,1,0,0,0,1,1,0,0
1291350869238218752,0,0,0,0,0,1,1,0,0.5
1156020465862762496,0,0,0,0,0.4,1,1,0,0
1241036825759752192,0,1,0,0,0,1,1,0,0
1067541575864074243,0,1,0,0,0,1,1,0,0
1352645064175058944,0,0,0,0,0,0.83,0.83,0,0
1166499165322432512,0,1,0,0,0,1,1,0,0
1158773063137337344,0,1,0,0,0.5,1,1,0,0
1352789521734258688,0,1,0,0,0,1,1,0,0
1278005717044207616,0,0,0,0,0,1,1,0,0
1116349309702643712,0,1,0,0,0,1,1,0,0
1153726560610004992,1,1,0,0,0.5,1,0.9,0,0.8
1205232136598499339,0,1,0,0,0,1,1,0,0
1354421033961480195,1,0,0,0,0,0.87,0.93,0,0.99
1075048550206201857,1,0,0,0,0,1,1,0,1
1201545386302824455,0,0,0,0,0,1,1,0,0
1235672701953601564,0,1,0,0,0,1,1,0,0
1041476526519316481,0,1,0,0,0,1,1,0,0
1263744765004320768,0,0,0,0,0,1,1,0,0
1211695971694006272,1,0,0,0,0,1,1,0,1
1276074025589116931,0,1,0,0,0,1,1,0,0.5
1365499911672909824,0,0,0,0,1,1,1,0,0
1265810041933828097,0,0,0,0,0,1,1,0,1
1191447560378040322,0,0,0,0,0,1,1,0,0
1211769418084163584,0,0,0,0,0,1,1,0,0
1200098400491966464,0,0,0,0,0,0.83,0.92,0,0.67
1045568861070864385,1,0,0,0,0,1,1,0,1
1252258296821624838,0,0,0,0,0,1,1,0,0
1299366247612796934,0,0,0,0,0,1,1,0,0
1093882676908646400,0,0,0,0,0,1,1,0,0
1247670628309553153,1,0,0,0,0,1,1,0,1
1174334814167715840,0,0,0,0,0,1,1,0,0
1227734057393491980,1,1,0,0,0,1,1,0,1
1195407658670526470,0,1,0,0,0,1,1,0,0.96
1232300479184605184,1,0,0,0,0,1,1,0,1
1215332530905341952,0,1,0,0,0,0.97,0.94,0,0.99
1237895735992958976,0,1,0,0,0,1,1,0,0
1284227630296948738,0,1,0,0,0,1,1,0,1
1120932303021195264,0,1,0,0,0,1,1,0,0
1078408747737853953,1,1,0,0,0,1,1,0,1
1181618754045775872,0,0,0,0,0,1,1,0,0
1231606875474550784,0,0,0,0,0,0.98,0.99,0,0.01
1278009322564390912,0,1,0,0,0,1,1,0,0
1365021446397964292,0,0,0,0,0,1,1,0,1
1174819878030561280,0,1,0,0,0,1,1,0,0
1164206537973411840,0,1,0,0,0,1,1,0,0
1248294689234616321,0,0,0,0,0,1,1,0,0
1023995112160944128,1,0,0,0,0,1,1,0,1
1364636406379905027,0,1,0,0,1,1,1,0,0
1067462949571162112,0,0,0,0,0,1,1,0,0
1307568748300308481,1,0,0,0,0,0.86,0.94,0,0.9
1204522215145984000,0,0,0,0,0,1,1,0,0
1158376303231287296,1,1,0,0,0,1,1,0,1
1077241746751397890,0,0,0,0,0,0.9,0.1,0,0
1085636321614409728,1,0,0,0,0,1,1,0,1
1067421341140377600,1,0,0,0,0,0.8,0.9,0,0.9
1280573515326844929,1,0,0,0,0.53,1,0.97,0,0.98
1198922792592232448,0,0,0,0,0,0.95,0.98,0,0.99
1229624984424898561,0,0,0,0,0,1,1,0,0.5
1222867334114824193,0,1,0,0,0,1,1,0,0
1043095611564646401,1,0,0,0,0,0.9,0.8,0,0.95
1159804602180653056,0,1,0,0,0,1,1,0,0
1309667828367339520,1,0,0,0,0,1,1,0,0.97
1158719141425111040,0,1,0,0,0,1,1,0,0
1156919515009179648,0,0,0,0,0,1,1,0,0
1357392548197769216,1,0,0,0,0,1,1,0,1
1198732847240097793,0,0,0,0,0,1,1,0,0
1361703527781978113,0,0,0,0,0,1,1,0,0
1299283880483135489,0,0,0,0,0,0.88,0.99,0,0
1233161164558946305,0,0,0,0,0,1,1,0,0
1198977753636200449,1,0,0,0,0,0.8,0.9,0,0.95
1254808031235313666,0,0,0,0,0,1,1,0,0
1306976072689422340,0,0,0,0,0,1,1,0,0
1243204699521798151,0,1,0,0,0,1,1,0,0
1187777602662080512,1,0,0,0,0,0.93,0.95,0,0.98
1218634305423007745,0,0,0,0,0,1,1,0,0
1175124855512952832,0,1,0,0,0,0.8,0.9,0,0.95
1232399425873567746,0,0,0,0,0.5,1,1,0,0
1352695024283074561,1,0,0,0,0,1,1,0,1
1062346209833160704,0,0,0,0,0,1,1,0,1
1202896471915401217,0,0,0,0,0,0.8,0.9,0,0.95
1303332761583968259,1,0,0,0,0,0.95,0.9,0,0.85
1214920470426005512,0,1,0,0,0,1,1,0,0
1116344545770385409,0,0,0,0,0,1,1,0,0
1364969931448713219,1,0,0,0,0,1,1,0,1
1192544790698766346,0,0,0,0,0,0.83,0.92,0,0.08
1242135336232407045,0,0,0,0,0,1,1,0,0
1093280833220345856,1,0,0,0,0,1,1,0,1
1364388297095581701,0,0,0,0,0,1,1,0,0
1196453004863561730,0,1,0,0,0,1,1,0,1
1047159354254749696,0,1,0,0,0,1,1,0,0
1119280217011433472,0,1,0,0,0,1,1,0,0
1192485634973274112,0,1,0,0,0,0.9,0.95,0,0.05
1098615916072497152,0,0,0,0,1,1,1,0,0
1282721703626518529,0,0,0,0,0.55,0.9,0.95,0,0.8
1053289426196070401,0,0,0,0,0,1,1,0,0
1225855083948204032,0,1,0,0,0,1,1,0,1
1273055260102270978,0,0,0,0,0,1,1,0,0.1
1087872205621481472,0,0,0,0,0,0.89,0.94,0,0.95
1186006253539135493,1,1,0,0,0,1,1,0,1
1181222074087436288,0,0,0,0,0,1,1,0,0
1264346668725669890,0,1,0,0,0,1,1,0,1
1298423850577928192,0,0,0,0,0,1,1,0,0
1283036042656874496,1,0,0,0,0,1,1,0,1
1184274909113077761,0,0,0,0,0,1,1,0,0
1290280312962940928,1,0,0,0,0,0.83,0.93,0,0.07
1191873361183416320,0,0,0,0,0,0.9,0.8,0,0.7
1255146640979013637,1,0,0,0,0,1,1,0,1
1230854885224087553,0,0,0,0,0,1,1,0,1
1080546517897936897,0,0,0,0,0,1,1,0,0
1177759780762537984,0,0,0,0,0,1,1,0,1
1239189722716688385,1,0,0,0,0,1,1,0,1
1057989971569561600,1,0,0,0,0,1,1,0,1
1280231378337042436,0,0,0,0,0,1,1,0,0
1359143482695299072,1,0,0,0,0,1,1,0,1
1365753840365142016,0,1,0,0,0,0.83,0.9,0,0.17
1247993887718649856,1,0,0,0,0,0.99,0.99,0,0.01
1280547138607501318,0,1,0,0,0,1,1,0,0
1298412360349122566,1,1,0,0,0,0.97,0.98,0,0.95
1306321963300933638,0,0,0,0,0,1,1,0,0
1251276850149707776,0,0,0,0,0,1,1,0,0
1194675437055676418,0,0,0,0,0,1,1,0,0
1180483277431422977,0,0,0,0,0,1,1,0,0
1181984487292489730,1,0,0,0,0,1,1,0,1
1283923370099253248,0,1,0,0,0,1,1,0,0
1158241340750290944,0,0,0,0,0,1,1,0,1
1282909326324011010,0,1,0,0,0,0.93,0.95,0,0.98
1364269452099948550,0,1,0,0,0,1,1,0,0
1239977345190158347,0,0,0,0,0,1,1,0,0
1355244607978827779,1,1,0,0,0,1,1,0,1
1025791070066692096,0,0,0,0,0,1,1,0,0
1093942062158962688,0,1,0,0,0,1,1,0,0
1213889098815066114,1,1,0,0,0,1,1,0,0.63
1361405035557449728,1,0,0,0,0,1,1,0,1
1226865924214546432,0,1,0,0,0,1,1,0,0
1157372146345238530,0,0,0,0,0,1,1,0,0
1120710757057028099,0,0,0,0,0,1,1,0,0
1303318437519855618,0,1,0,0,0,1,1,0,1
1205874268388634632,1,0,0,0,0,1,1,0,1
1230994496692740096,0,0,0,0,0,1,1,0,0
1062406067886338048,1,0,0,0,0,1,1,0,1
1254155731370217472,0,0,0,0,0,0.8,0.9,0,1
1050027359246712832,0,0,0,0,0,0.86,0.95,0,0
1230877084857380864,0,0,0,0,0,1,1,0,0
1257513793975918594,0,0,0,0,0,1,1,0,0
1120549971521081345,0,0,0,0,0,0.8,0.9,0,0.1
1074319506187513857,0,0,0,0,0,1,1,0,0
1076887497060347904,0,0,0,0,0,1,1,0,1
1308598529653440516,0,1,0,0,0,0.81,0.89,0,0.09
1205239693048197127,0,1,0,0,0,1,1,0,0
1365142672659410945,0,1,0,0,0,1,1,0,0
1189890200475983883,0,0,0,0,0,1,1,0,0
1364938454019276800,0,0,0,0,0,1,1,0,0
1079920147727552512,0,1,0,0,0,1,1,0,0
1045695117548552197,1,0,0,0,0,1,1,0,1
1363489866949001216,0,0,0,0,0.4,1,1,0,0
1239961463739092992,1,0,0,0,0,1,1,0,1
1364215058239131656,1,0,0,0,0,1,1,0,1
1366876086366314496,0,0,0,0,0,1,1,0,0
1118696772908584960,0,0,0,0,0,1,1,0,0
1169739795830071297,0,0,0,0,0,1,1,0,0
1025304557281312768,0,0,0,0,0,1,1,0,0
1211670549446852609,0,0,0,0,0,1,1,0,0
1358561927312658434,0,1,0,0,0,1,1,0,0
1156645966344310788,0,0,0,0,0,0.87,0.93,0,0.1
1210549682264563712,0,0,0,0,0,1,1,0,0
1168925377886076928,1,1,0,0,0,1,1,0,1
1268957897691561984,0,0,0,0,0,1,1,0,0
1157325501473550341,0,1,0,0,0,1,1,0,1
1069931963857993728,0,0,0,0,0,1,1,0,0
1253330458068189191,0,0,0,0,0,1,1,0,0
1027187919516299264,1,0,0,0,0,1,1,0,1
1182592928046309378,1,0,0,0,0,1,1,0,1
1273330683604279296,0,0,0,0,0,1,1,0,1
1288569531229769732,0,0,0,0,0,1,1,0,0
1246449664796307459,0,0,0,0,0,1,1,0,0
1078267680564621312,0,0,0,0,0,1,1,0,0
1208530707255119872,1,1,0,0,0,1,1,0,1
1163558002181509121,0,0,0,0,0,1,1,0,0.33
1038067403668611074,0,1,0,0,0,1,1,0,0
1362431821196234753,1,0,0,0,0,1,1,0,1
1171202944336900101,0,0,0,0,0,0.88,0.96,0,0.92
1189573190823108608,1,0,0,0,0,1,1,0,1
1228756085642858496,0,0,0,0,0,1,1,0,0.01
1271844796903182339,0,0,0,0,0,1,1,0,0
1245749841680125955,1,1,0,0,0,1,1,0,1
1124357228025319429,0,0,0,0,0,1,1,0,0
1077607436935143431,0,0,0,0,0,1,1,0,0
1359532007982776325,0,0,0,0,0,1,1,0,0
1133318683865112576,0,1,0,0,0,0.94,0.92,0,0.96
1176726230873366528,1,0,0,0,0,1,1,0,1
1027871783351975936,0,0,0,0,0,1,1,0,0
1361661800534716416,0,0,0,0,0,1,1,0,0
1252383235545292800,1,0,0,0,0,0.85,0.85,0,0.15
1285323887316738050,0,0,0,0,0,1,1,0,0
1217114654503329793,0,0,0,0,0,1,1,0,0
1186798164965314560,0,1,0,0,0,1,1,0,1
1293302858369118208,0,0,0,0,0,1,1,0,1
1174231712743809024,1,1,0,0,0,1,1,0,1
1209114441238929408,0,0,0,0,0,1,1,0,0
1352742084059361280,0,0,0,0,0,1,1,0,0
1092984923454005248,0,0,0,0,0,0.93,0.88,0,0.85
1230217653710721026,0,1,0,0,0,0,0.98,0,0.99
1277741462843731970,1,0,0,0,0,0.8,0.9,0,0.95
1229838033836371968,1,0,0,0,0,1,1,0,1
1186697620753932293,0,0,0,0,0,1,1,0,0
1080965098301153281,0,0,0,0,0,1,1,0,0
1265347753007177728,0,0,0,0,0,1,1,0,0
1022508159171088384,0,0,0,0,0,0.95,0.99,0,0.05
1045342793240064000,0,1,0,0,0,1,1,0,0.5
1200177857869336576,0,0,0,0,0,1,1,0,0
1166485766035451906,0,0,0,0,0,1,1,0,1
1116313949748760576,0,0,0,0,0,1,1,0,0
1362482948918841344,0,0,0,0,0,0.92,0.92,0,0.08
1167426794510868480,0,1,0,0,0,1,1,0,1
1116027246387421184,0,0,0,0,0,1,1,0,0
1072551750366883840,0,1,0,0,0,1,1,0,0
1365041425637908488,0,1,0,0,1,1,1,0,0
1185668257749110784,0,1,0,0,0,1,1,0,0
1352707849663651840,0,1,0,0,0,0.85,0.9,0,0.15
1355163500432089093,1,1,0,0,0,1,1,0,1
1270139438585253889,0,0,0,0,0.2,1,1,0,0
1205633457109504002,0,1,0,0,0,1,1,0,0
1182005931606982657,0,0,0,0,0,1,1,0,0
1349614972054106116,0,1,0,0,0,1,1,0,0
1226457485084520448,0,0,0,0,0,1,1,0,0.5
1359593993688989696,0,0,0,0,0,1,1,0,0
1163911079459741698,1,0,0,0,0,1,1,0,1
1079913760536571904,0,1,0,0,0,0.9,0.8,0,0.1
1298384208398888962,0,0,0,0,0,0.9,0.95,0,0.1
1200248080421072902,0,0,0,0,0,1,1,0,0
1225510796874129408,0,1,0,0,0,1,1,0,0
1178737054127198209,0,0,0,0,0,1,1,0,0.1
1367187281069674496,1,0,0,0,0,1,1,0,1
1126215842520285186,0,1,0,0,0,0.8,1,0,1
1030581545063596033,0,0,0,0,0,1,1,0,0
1295415246866219009,0,0,0,0,0,1,1,0,0.8
1172949634928599041,0,0,0,0,0,1,1,0,0
1245087243733274624,1,1,0,0,0,1,1,0,1
1124156105242710016,1,0,0,0,0,0.9,0.8,0,0.95
1285575643300794370,0,0,0,0,0,1,1,0,1
1214458343760289792,0,1,0,0,0,1,1,0,0
1270130240526921731,0,0,0,0,0,1,1,0,0
1082694387627446272,0,0,0,0,0,1,1,0,1
1168946319341314048,0,0,0,0,0,1,1,0,1
1067559328285147136,0,0,0,0,0,0.8,0.9,0,0.2
1093308636053553153,0,0,0,0,0,1,1,0,0
1050027978875392001,0,0,0,0,0,1,1,0,1
1181235194637910016,0,1,0,0,0,1,1,0,0
1194970305363623937,0,1,0,0,0,1,1,0,0
1237936411212382213,0,1,0,0,0,1,1,0,0
1225221144762077184,0,0,0,0,0,1,1,0,1
