,0,1,2,3,4,5
0,1312688836372242435.jpg,0.0,0.0,0.9,0.0,0.0
1,1313147306728919040.jpg,0.0,0.0,0.5,0.0,0.0
2,1313162243035607040.jpg,0.0,0.0,0.8,0.0,0.0
3,1313431315178545152.jpg,0.0,0.0,0.03,0.0,0.0
4,1313856367233396737.jpg,0.0,0.0,0.92,0.0,0.0
5,1314251711305846784.jpg,0.0,0.0,0.92,0.0,0.08
6,1314255501425811458.jpg,0.0,0.0,0.01,0.0,0.0
7,1314258017018355713.jpg,0.0,0.0,0.8,0.0,0.0
8,1314259261250244609.jpg,0.83,0.0,0.95,0.0,0.0
9,1314259274059657221.jpg,1.0,0.0,1.0,0.0,0.0
10,1314260551183327234.jpg,0.0,0.93,0.08,0.45,0.98
11,1314260560385638401.jpg,1.0,0.0,0.9,0.0,0.0
12,1314263050699116544.jpg,0.0,0.02,0.5,0.0,0.08
13,1314264056983965699.jpg,0.0,0.0,1.0,0.0,0.0
14,1314264927985643520.jpg,1.0,0.0,1.0,0.0,0.0
15,1314266395954339841.jpg,0.98,0.0,0.93,0.0,0.0
16,1314277479255887880.jpg,0.0,0.21,0.84,0.0,0.18
17,1314620139178881025.jpg,0.0,0.0,0.1,0.0,0.3
18,1315074511520387072.jpg,0.0,0.0,0.33,0.0,0.0
19,1315259793855123456.jpg,0.83,0.0,0.9,0.0,0.0
20,1315322473005625345.jpg,1.0,0.0,0.8,0.0,0.0
21,1315369824068005890.jpg,0.0,0.0,0.83,0.0,0.0
22,1315467618518806528.jpg,0.0,0.0,0.0,0.0,0.0
23,1315604387608367106.jpg,0.0,0.0,0.1,0.0,0.0
24,1315655221805187077.jpg,0.98,0.0,0.92,0.0,0.0
25,1315655252427841536.jpg,0.78,0.0,0.98,0.0,0.0
26,1315655284745031683.jpg,0.9,0.0,1.0,0.0,0.0
27,1315655339648389120.jpg,0.83,0.0,0.98,0.0,0.0
28,1315655371713925120.jpg,1.0,0.0,1.0,0.0,0.0
29,1315655488521072641.jpg,0.83,0.0,0.95,0.0,0.0
30,1315655519667916801.jpg,1.0,0.0,1.0,0.0,0.0
31,1315655571949973507.jpg,0.91,0.0,0.95,0.0,0.0
32,1315657739666886658.jpg,0.0,0.53,0.05,0.25,0.64
33,1315711641888186369.jpg,1.0,0.0,1.0,0.0,0.0
34,1315711731658829824.jpg,0.0,0.0,0.8,0.0,0.0
35,1315711811434565634.jpg,1.0,0.0,0.9,0.0,0.0
36,1315711871186542595.jpg,0.9,0.0,0.8,0.0,0.0
37,1315724568355647494.jpg,0.0,0.0,1.0,0.0,0.0
38,1315728592702238723.jpg,0.0,0.0,0.0,0.0,0.0
39,1316117138076246017.jpg,0.0,0.0,0.0,0.0,0.0
40,1316424558359048200.jpg,0.0,0.0,0.8,0.0,0.0
41,1316481409234735109.jpg,0.0,0.0,1.0,0.0,0.0
42,1316481779075674112.jpg,0.0,0.0,0.5,0.0,0.0
43,1316529218608664579.jpg,0.83,0.0,0.95,0.0,0.0
44,1316691554455748609.jpg,0.0,0.0,0.7,0.0,0.0
45,1317053939544707073.jpg,0.0,0.0,0.5,0.0,0.0
46,1317268395130322946.jpg,1.0,0.0,1.0,0.0,0.0
47,1317567784675471361.jpg,0.0,0.0,0.96,0.0,0.0
48,1317778711157051393.jpg,0.0,0.0,0.33,0.0,0.0
49,1317828808410615811.jpg,0.0,0.0,0.5,0.0,0.0
50,1317873577132199937.jpg,0.0,0.0,0.83,0.0,0.17
51,1318140063209811969.jpg,0.0,0.0,0.0,0.0,0.0
52,1318161552315482112.jpg,0.0,0.0,0.1,0.0,0.0
53,1318172563382636544.jpg,0.0,0.0,0.25,0.0,0.0
54,1318503491527151617.jpg,0.0,0.0,0.2,0.0,0.0
55,1318566615533854720.jpg,0.0,0.0,0.8,0.0,0.2
56,1318576302354501632.jpg,0.0,0.0,0.8,0.0,0.0
57,1318587249924210689.jpg,0.81,0.0,0.9,0.0,0.0
58,1318610156490510337.jpg,0.0,0.0,0.0,0.0,0.0
59,1318615265396011013.jpg,1.0,0.0,1.0,0.0,0.0
60,1318640695490580480.jpg,0.0,0.0,0.5,0.0,0.0
61,1318708474591776768.jpg,0.0,0.0,0.98,0.0,0.0
62,1318939979540799488.jpg,0.9,0.0,0.8,0.0,0.0
63,1318950066942607370.jpg,0.0,0.0,0.83,0.0,0.17
64,1318954160335847424.jpg,0.0,0.0,0.93,0.0,0.0
65,1318973446886477825.jpg,0.78,0.0,0.92,0.08,0.02
66,1319276575985004544.jpg,0.0,0.0,0.92,0.0,0.08
67,1319282872696537094.jpg,0.0,0.0,0.0,0.0,0.0
68,1319312376898912256.jpg,0.0,0.0,0.5,0.0,0.0
69,1319323326498693120.jpg,0.96,0.0,0.89,0.0,0.0
70,1319331601604612103.jpg,0.0,0.0,0.8,0.0,0.0
71,1319390397160980482.jpg,0.83,0.0,0.95,0.0,0.0
72,1319413497051017216.jpg,0.0,0.0,0.5,0.0,0.0
73,1319519212054851586.jpg,0.0,0.0,0.0,0.0,0.0
74,1319655762361225216.jpg,0.33,0.0,0.89,0.0,0.0
75,1319685230555529217.jpg,0.0,0.0,0.0,0.0,0.0
76,1319798166225620996.jpg,0.0,0.0,0.4,0.0,0.2
77,1320032450291093505.jpg,0.0,0.0,0.85,0.0,0.0
78,1320088254113320960.jpg,0.0,0.0,0.0,0.0,0.0
79,1320171223817555969.jpg,0.0,0.0,0.5,0.0,0.0
80,1320442832780468231.jpg,0.0,0.0,0.0,0.0,0.5
81,1320660356621062149.jpg,0.0,0.0,0.83,0.0,0.0
82,1320719592684199939.jpg,0.0,0.0,0.0,0.0,0.02
83,1320732162702733312.jpg,0.83,0.0,0.98,0.0,0.0
84,1320775978533212166.jpg,0.0,0.0,0.05,0.0,0.0
85,1320781660686864390.jpg,0.0,0.0,0.0,0.0,0.0
86,1320954028981846017.jpg,0.0,0.0,0.0,0.0,0.0
87,1321044429042573312.jpg,0.0,0.0,0.5,0.0,0.0
88,1321104758833401857.jpg,0.0,0.0,0.5,0.0,0.0
89,1321143149763448832.jpg,0.8,0.0,0.9,0.0,0.0
90,1321172291804405770.jpg,0.0,0.0,0.03,0.0,0.02
91,1321215966160715776.jpg,0.0,0.0,0.9,0.0,0.0
92,1321244809772912642.jpg,0.52,0.03,0.82,0.0,0.01
93,1321486139480592386.jpg,0.8,0.0,0.9,0.0,0.0
94,1321488365880041473.jpg,0.0,0.0,0.0,0.0,0.0
95,1321608442335895552.jpg,0.0,0.0,0.05,0.0,0.03
96,1321880158890991617.jpg,0.0,0.0,0.5,0.0,0.0
97,1321935699478827008.jpg,0.0,0.0,0.0,0.0,0.0
98,1321992651923742722.jpg,0.0,0.0,0.9,0.0,0.0
99,1322285648519180288.jpg,0.0,0.0,0.2,0.0,0.0
100,1322301402660655105.jpg,1.0,0.0,1.0,0.0,0.0
101,1322439663576113152.jpg,0.8,0.0,0.9,0.0,0.0
102,1322504869471813634.jpg,0.0,0.0,0.5,0.0,0.0
103,1322632548414083072.jpg,0.0,0.0,0.0,0.0,0.0
104,1322689801531789318.jpg,0.0,0.0,0.5,0.0,0.0
105,1322867250991304705.jpg,0.0,0.0,0.1,0.0,0.0
106,1322957880300081152.jpg,0.9,0.0,0.8,0.0,0.0
107,1322994060227989505.jpg,0.8,0.0,0.9,0.0,0.0
108,1323030670264934402.jpg,0.0,0.0,0.0,0.0,0.0
109,1323352789142007808.jpg,0.0,0.0,0.93,0.0,0.03
110,1323378473663188994.jpg,0.0,0.0,0.0,0.0,0.0
111,1323425713974697984.jpg,0.0,0.0,1.0,0.0,0.0
112,1323425854609870849.jpg,1.0,0.0,1.0,0.0,0.0
113,1323592045995450372.jpg,0.0,0.0,0.0,0.0,0.0
114,1323609643998879748.jpg,0.0,0.0,0.0,0.0,0.0
115,1323657893397303296.jpg,0.0,0.0,0.0,0.0,0.0
116,1323664296505712641.jpg,1.0,0.0,1.0,0.0,0.0
117,1323665868090417152.jpg,0.0,0.0,0.0,0.0,0.0
118,1323740382056878087.jpg,0.0,0.0,0.0,0.0,0.0
119,1323748106467422209.jpg,0.0,0.0,0.0,0.0,0.0
120,1323794547307151367.jpg,0.0,0.0,0.5,0.0,0.0
121,1323824410957107206.jpg,0.0,0.0,0.8,0.0,0.0
122,1323825080141598726.jpg,0.0,0.0,0.1,0.0,0.0
123,1323825865474691074.jpg,0.0,0.0,0.5,0.0,0.0
124,1323832217018183683.jpg,0.0,0.0,0.0,0.0,0.0
125,1323832745584447488.jpg,0.0,0.0,0.25,0.0,0.0
126,1323834754647629824.jpg,0.0,0.0,0.5,0.0,0.0
127,1323841775660945408.jpg,0.0,0.0,0.0,0.0,0.0
128,1323841854421557249.jpg,0.0,0.0,0.83,0.0,0.0
129,1323865629749846016.jpg,0.0,0.0,0.2,0.0,0.01
130,1323954429289254912.jpg,0.0,0.0,0.5,0.0,0.0
131,1323975329061478402.jpg,0.0,0.0,0.2,0.0,0.0
132,1323975368114610176.jpg,0.0,0.0,0.0,0.0,0.0
133,1323975940414865411.jpg,0.0,0.0,0.75,0.0,0.0
134,1323976696102637569.jpg,0.0,0.0,0.0,0.0,0.5
135,1323981778554675203.jpg,0.0,0.0,0.5,0.0,0.0
136,1323987023548567564.jpg,0.0,0.0,0.25,0.0,0.0
137,1324005515219947525.jpg,0.0,0.0,0.2,0.0,0.0
138,1324011733854412802.jpg,0.0,0.0,0.5,0.0,0.0
139,1324057252664410113.jpg,0.0,0.0,0.5,0.0,0.0
140,1324082383516217354.jpg,0.0,0.0,0.4,0.0,0.0
141,1324087921641721856.jpg,0.0,0.0,0.0,0.0,0.0
142,1324088219315654656.jpg,0.0,0.0,0.0,0.0,0.0
143,1324111233327468550.jpg,0.8,0.0,0.6,0.0,0.0
144,1324273800901464064.jpg,0.0,0.0,1.0,0.0,0.0
145,1324316819944022016.jpg,0.0,0.0,0.0,0.0,0.0
146,1324402928262750208.jpg,0.0,0.0,0.8,0.0,0.0
147,1324601823555104768.jpg,0.0,0.0,0.0,0.0,0.0
148,1324679203107778560.jpg,0.0,0.0,0.0,0.0,0.0
149,1324769595912192000.jpg,0.0,0.0,0.5,0.0,0.0
150,1325007657170857984.jpg,0.0,0.0,0.0,0.0,0.0
151,1325040316773228545.jpg,0.0,0.0,0.5,0.0,0.0
152,1325114360440696834.jpg,0.0,0.0,0.0,0.0,0.0
153,1325155319522054145.jpg,0.0,0.0,0.0,0.0,0.03
154,1325289958274428928.jpg,0.0,0.0,0.33,0.0,0.0
155,1325403964813283330.jpg,0.0,0.0,0.8,0.0,0.0
156,1325435013794508802.jpg,0.0,0.0,0.0,0.0,0.0
157,1325543521827364869.jpg,0.0,0.0,0.0,0.0,0.0
158,1325766368168464384.jpg,0.0,0.0,0.6,0.0,0.0
159,1325808623692476417.jpg,0.0,0.0,0.0,0.0,0.0
160,1325817888926818306.jpg,0.0,0.0,0.8,0.0,0.0
161,1325867008278355968.jpg,0.0,0.0,0.0,0.0,0.0
162,1325891480863563783.jpg,0.83,0.0,0.78,0.0,0.0
163,1326128756147281921.jpg,0.0,0.0,0.93,0.0,0.0
164,1326491157048778753.jpg,0.0,0.0,0.0,0.0,0.0
165,1326853530565664769.jpg,0.0,0.0,0.1,0.0,0.0
166,1326903420964450309.jpg,0.0,0.0,0.83,0.0,0.0
167,1327215922394882048.jpg,0.0,0.0,0.5,0.0,0.0
168,1327228144495935489.jpg,0.0,0.0,0.7,0.0,0.0
169,1327234766421319680.jpg,0.0,0.0,0.0,0.0,0.0
170,1327283875236614144.jpg,0.0,0.0,0.0,0.0,0.0
171,1327310308260667393.jpg,0.0,0.0,0.0,0.0,0.0
172,1327343019893383173.jpg,0.0,0.0,0.5,0.0,0.0
173,1327578297476247553.jpg,0.0,0.0,0.5,0.0,0.0
174,1327596447668326400.jpg,0.0,0.0,0.0,0.0,0.0
175,1327673361032486915.jpg,0.83,0.0,0.92,0.0,0.0
176,1327722605105713152.jpg,0.0,0.63,0.93,0.11,0.89
177,1327940679218192385.jpg,0.0,0.0,0.5,0.0,0.0
178,1327962321252098049.jpg,0.0,0.0,0.0,0.0,0.0
179,1328129925728100356.jpg,0.83,0.0,0.9,0.0,0.0
180,1328139923149512704.jpg,0.93,0.0,0.98,0.0,0.0
181,1328187725736919040.jpg,0.0,0.0,0.6,0.0,0.0
182,1328710007811153921.jpg,0.0,0.0,0.0,0.0,0.0
183,1328916282998222848.jpg,0.0,0.0,0.0,0.0,0.0
184,1329167584063877120.jpg,0.0,0.0,0.0,0.0,0.0
185,1329455891163324422.jpg,0.8,0.0,0.7,0.1,0.0
186,1329470120620658689.jpg,0.0,0.0,0.3,0.0,0.0
187,1329470128912617473.jpg,0.0,0.0,0.63,0.0,0.0
188,1329652688607342593.jpg,0.0,0.0,0.8,0.0,0.0
189,1329727492731645957.jpg,0.0,0.0,0.0,0.0,0.0
190,1329772834898501632.jpg,0.0,0.0,0.0,0.0,0.0
191,1330156846125096962.jpg,0.0,0.0,0.08,0.0,0.01
192,1330377844073979904.jpg,0.0,0.0,0.05,0.0,0.0
193,1330847745599483906.jpg,0.0,0.0,0.8,0.0,0.0
194,1330915948983939072.jpg,0.0,0.0,1.0,0.0,0.0
195,1330948094456840192.jpg,0.0,0.0,0.0,0.0,0.0
196,1330962451215638528.jpg,0.85,0.0,0.9,0.0,0.0
197,1331327509259022336.jpg,0.95,0.0,0.98,0.0,0.0
198,1331389609566220290.jpg,0.0,0.0,0.05,0.0,0.0
199,1331716558490570755.jpg,0.0,0.0,0.5,0.0,0.0
200,1331718186220343296.jpg,0.0,0.0,0.0,0.0,0.0
201,1331720111657369601.jpg,0.0,0.0,0.8,0.0,0.0
202,1331818147582779398.jpg,0.0,0.0,1.0,0.0,0.0
203,1331845284373082114.jpg,0.0,0.0,0.0,0.0,0.0
204,1331996260048531459.jpg,0.0,0.0,0.0,0.0,0.0
205,1332119362082279424.jpg,0.0,0.0,0.0,0.0,0.0
206,1332617748774596609.jpg,0.0,0.0,0.5,0.0,0.0
207,1332819729627615232.jpg,0.0,0.0,1.0,0.0,0.0
208,1332893674242338817.jpg,0.0,0.0,0.0,0.0,0.0
209,1332954700912660480.jpg,0.32,0.0,0.91,0.0,0.0
210,1333088093608554498.jpg,0.9,0.0,1.0,0.0,0.0
211,1333091373311008768.jpg,1.0,0.0,1.0,0.0,0.0
212,1333358157838618627.jpg,0.0,0.0,0.8,0.0,0.0
213,1333504566525128709.jpg,0.33,0.67,0.83,0.0,0.92
214,1333532024188116992.jpg,0.0,0.0,1.0,0.0,0.0
215,1333587944515526657.jpg,0.0,0.0,0.5,0.0,0.0
216,1333616235867680770.jpg,0.0,0.0,0.8,0.0,0.0
217,1333897793992347653.jpg,0.71,0.0,0.93,0.0,0.0
218,1334144894420611074.jpg,0.83,0.0,0.88,0.0,0.0
219,1334152920099553280.jpg,0.03,0.0,0.85,0.0,0.0
220,1334164709650493441.jpg,0.0,0.0,0.0,0.0,0.0
221,1334206930282307592.jpg,0.0,0.0,0.5,0.0,0.0
222,1334486617587933185.jpg,0.0,0.0,1.0,0.0,0.0
223,1334523148692312065.jpg,0.0,0.0,0.0,0.0,0.0
224,1334870598091206661.jpg,0.0,0.0,0.0,0.0,0.0
225,1334946604768403456.jpg,0.0,0.0,0.5,0.0,0.0
226,1334946681444450305.jpg,0.0,0.0,0.05,0.0,0.0
227,1334967300282310664.jpg,0.0,0.0,0.9,0.0,0.0
228,1335391994894458880.jpg,0.0,0.0,0.0,0.0,0.0
229,1335392272066605056.jpg,0.0,0.0,0.0,0.0,0.0
230,1335594328492658691.jpg,0.0,0.0,0.5,0.0,0.0
231,1335722441746870272.jpg,0.0,0.0,0.5,0.0,0.0
232,1335737550443433984.jpg,0.0,0.0,0.0,0.0,0.0
233,1335777490393047041.jpg,0.0,0.0,1.0,0.0,0.0
234,1335834250411577344.jpg,0.0,0.0,0.52,0.98,0.9
235,1335883015122280448.jpg,0.0,0.0,0.95,0.0,0.0
236,1335935818360303618.jpg,0.0,0.0,0.4,0.0,0.0
237,1336006747941695498.jpg,0.0,0.0,0.0,0.0,0.0
238,1336012490489073671.jpg,0.92,0.0,0.99,0.0,0.0
239,1336027200714313737.jpg,0.0,0.0,0.5,0.0,0.0
240,1336068336246001673.jpg,0.0,0.0,0.9,0.0,0.0
241,1336095106932199425.jpg,0.0,0.0,0.9,0.0,0.0
242,1336135836132397058.jpg,0.0,0.0,0.0,0.0,0.0
243,1336291246281789440.jpg,0.0,0.0,0.0,0.0,0.0
244,1336339820428238856.jpg,0.0,0.0,0.0,0.0,0.0
245,1336622896119156739.jpg,0.0,0.0,0.0,0.0,0.0
246,1336643236882870272.jpg,0.0,0.0,0.0,0.0,0.0
247,1336717250951188480.jpg,0.0,0.0,0.8,0.0,0.0
248,1336734114842636294.jpg,0.0,0.0,0.75,0.0,0.0
249,1336852389043777538.jpg,0.0,0.0,0.0,0.0,0.0
250,1336900287982919683.jpg,0.03,0.0,0.83,0.0,0.17
251,1337020401637986305.jpg,0.0,0.0,0.5,0.0,0.0
252,1337140151521140736.jpg,0.0,0.0,0.98,0.0,0.0
253,1337696851156475906.jpg,0.0,0.0,0.5,0.0,0.0
254,1338186584835960836.jpg,0.0,0.0,1.0,0.0,0.0
255,1338278464168792065.jpg,0.0,0.0,0.93,0.0,0.0
256,1338282630379433987.jpg,0.0,0.0,0.0,0.0,0.0
257,1338480591612866561.jpg,0.0,0.0,0.8,0.0,0.0
258,1338485650253877257.jpg,0.0,0.0,0.8,0.0,0.0
259,1338486015028236289.jpg,0.0,0.0,1.0,0.0,0.0
260,1338519748393521156.jpg,0.0,0.0,1.0,0.0,0.0
261,1338521073961365506.jpg,0.0,0.0,0.0,0.0,0.0
262,1338535655534710787.jpg,0.0,0.0,0.0,0.0,0.0
263,1338559332401733638.jpg,0.0,0.0,0.0,0.0,0.0
264,1338571472411955207.jpg,0.0,0.0,0.5,0.0,0.0
265,1338644707442909184.jpg,0.0,0.0,0.5,0.0,0.0
266,1338659411175280640.jpg,0.0,0.0,0.0,0.0,0.0
267,1338659484596518912.jpg,0.0,0.0,0.5,0.0,0.0
268,1338666593296015363.jpg,0.0,0.0,0.0,0.0,0.0
269,1338669678621765632.jpg,0.0,0.0,0.88,0.0,0.0
270,1338686569289494529.jpg,0.0,0.0,0.0,0.0,0.0
271,1338743469989388288.jpg,0.0,0.0,0.8,0.0,0.0
272,1338828010980425728.jpg,0.0,0.0,0.8,0.0,0.0
273,1338863040393965570.jpg,0.0,0.0,0.83,0.0,0.0
274,1338884523224788993.jpg,0.9,0.0,0.95,0.0,0.0
275,1338925640171593731.jpg,0.0,0.0,1.0,0.0,0.0
276,1339250190784602112.jpg,0.0,0.0,0.93,0.0,0.0
277,1339275043017199616.jpg,0.0,0.0,0.5,0.0,0.0
278,1339284916169748481.jpg,0.0,0.0,0.5,0.0,0.0
279,1339326387556151315.jpg,0.0,0.0,0.0,0.0,0.0
280,1339440670273105920.jpg,0.0,0.0,0.8,0.0,0.0
281,1339461272690192384.jpg,0.0,0.0,0.0,0.0,0.0
282,1339712334776963074.jpg,0.0,0.0,0.83,0.0,0.0
283,1339958623347347464.jpg,0.0,0.0,0.0,0.0,0.0
284,1339964368776261633.jpg,0.0,0.0,0.5,0.0,0.0
285,1340055420346445827.jpg,0.0,0.0,0.0,0.0,0.0
286,1340060574928015362.jpg,0.0,0.0,0.9,0.0,0.0
287,1340074879467581441.jpg,0.0,0.0,0.5,0.0,0.0
288,1340089047461621761.jpg,0.0,0.0,0.83,0.0,0.0
289,1340138048827379715.jpg,0.9,0.0,0.8,0.0,0.0
290,1340442042992877573.jpg,0.0,0.0,1.0,0.0,0.0
291,1340494892624211970.jpg,0.0,0.0,0.5,0.0,0.0
292,1340570930506944512.jpg,0.0,0.0,0.0,0.0,0.0
293,1340680594594951169.jpg,0.0,0.0,0.4,0.0,0.0
294,1340759489968918529.jpg,0.0,0.0,0.3,0.0,0.0
295,1340760504613146631.jpg,0.0,0.0,0.0,0.0,0.0
296,1340783552041005056.jpg,0.95,0.0,0.9,0.05,0.1
297,1340823959219138567.jpg,0.0,0.0,0.83,0.0,0.0
298,1341012430709776385.jpg,0.0,0.0,0.0,0.0,0.0
299,1341095348903813128.jpg,0.0,0.0,0.2,0.0,0.0
300,1341132938763767808.jpg,0.0,0.0,0.0,0.0,0.0
301,1342092138008379393.jpg,0.0,0.0,0.5,0.0,0.0
302,1342455374499209217.jpg,0.0,0.0,0.0,0.0,0.0
303,1342857647326961664.jpg,0.0,0.0,0.0,0.0,0.0
304,1342887380299071488.jpg,0.0,0.0,0.0,0.0,0.0
305,1342962231563046912.jpg,0.8,0.0,0.9,0.0,0.0
306,1342962964261818368.jpg,0.0,0.0,0.92,0.0,0.0
307,1343139165014208512.jpg,0.0,0.0,0.0,0.0,0.0
308,1343215497333059586.jpg,0.0,0.0,0.5,0.0,0.0
309,1343237196602630144.jpg,0.0,0.0,0.05,0.0,0.0
310,1343486676916719616.jpg,0.0,0.0,0.5,0.0,0.0
311,1343603429969694722.jpg,0.0,0.0,0.98,0.0,0.0
312,1343965490167902208.jpg,0.0,0.0,0.8,0.0,0.0
313,1343967366867275779.jpg,0.0,0.0,0.0,0.0,0.0
314,1344073616284131329.jpg,0.0,0.0,0.0,0.0,0.0
315,1344242981348507649.jpg,0.0,0.0,0.5,0.0,0.0
316,1344301574437404676.jpg,0.0,0.0,0.5,0.0,0.0
317,1344302362173845505.jpg,0.0,0.0,0.63,0.0,0.0
318,1344337555530006530.jpg,0.0,0.0,0.0,0.0,0.0
319,1344376758292934656.jpg,0.0,0.0,0.01,0.0,0.0
320,1344464055390629888.jpg,0.03,0.0,0.97,0.0,0.0
321,1344635368528871425.jpg,0.0,0.0,0.0,0.0,0.0
322,1344659602407706628.jpg,0.0,0.0,0.0,0.0,0.0
323,1344711956230512645.jpg,0.0,0.0,0.0,0.0,0.0
324,1344819549821169665.jpg,0.83,0.0,0.93,0.0,0.0
325,1344849626445168640.jpg,0.0,0.0,0.0,0.0,0.5
326,1345057612115681286.jpg,0.0,0.0,0.0,0.0,0.0
327,1345391919095033863.jpg,0.0,0.0,0.0,0.0,0.0
328,1345529605860577282.jpg,0.0,0.0,0.5,0.0,0.0
329,1345798388697198593.jpg,0.0,0.0,0.0,0.0,0.0
330,1346120904246439936.jpg,0.0,0.0,0.83,0.0,0.0
331,1346185734684872707.jpg,0.0,0.0,0.0,0.0,0.0
332,1346199868910362626.jpg,0.0,0.0,0.93,0.0,0.0
333,1346232439731994625.jpg,0.0,0.0,0.5,0.0,0.0
334,1346517792082673664.jpg,0.0,0.0,0.0,0.0,0.0
335,1346552713564147712.jpg,0.0,0.0,0.0,0.0,0.0
336,1346686706204991488.jpg,0.0,0.0,0.0,0.0,0.0
337,1346718979587452929.jpg,0.0,0.0,0.95,0.0,0.0
338,1346815585473196033.jpg,0.0,0.0,1.0,0.0,0.0
339,1346829282493001730.jpg,0.0,0.0,0.0,0.0,0.0
340,1346834357026254848.jpg,0.0,0.0,0.2,0.0,0.0
341,1346836374004113408.jpg,0.0,0.0,0.98,0.0,0.0
342,1346856510907936769.jpg,0.8,0.0,0.9,0.0,0.0
343,1346915417722261504.jpg,0.0,0.0,1.0,0.0,0.0
344,1346916067923398672.jpg,0.0,0.0,1.0,0.0,0.0
345,1346928230876520453.jpg,0.0,0.0,0.0,0.0,0.0
346,1346938151810510853.jpg,0.0,0.0,0.1,0.0,0.0
347,1346943760177852420.jpg,0.0,0.0,0.0,0.0,0.0
348,1346950933104783362.jpg,0.0,0.0,0.0,0.0,0.0
349,1346964782600101889.jpg,0.0,0.0,0.5,0.0,0.0
350,1346976662878003200.jpg,0.0,0.0,0.0,0.0,0.0
351,1346983759376125953.jpg,0.0,0.0,0.0,0.0,0.0
352,1347042301080694789.jpg,0.0,0.0,0.0,0.0,0.0
353,1347079777333649412.jpg,0.0,0.0,1.0,0.0,0.0
354,1347132783001526273.jpg,0.0,0.0,0.0,0.0,0.0
355,1347155426169729029.jpg,0.0,0.0,0.0,0.0,0.0
356,1347161515112230914.jpg,0.0,0.0,0.0,0.0,0.0
357,1347166575833575435.jpg,0.0,0.0,0.0,0.0,0.0
358,1347190024782024704.jpg,0.0,0.0,0.0,0.0,0.0
359,1347309643173916673.jpg,0.0,0.0,0.09,0.0,0.01
360,1347327043961319424.jpg,0.0,0.0,0.0,0.0,0.0
361,1347354879518339074.jpg,0.0,0.0,0.5,0.0,0.0
362,1347386004114612229.jpg,0.5,0.0,0.75,0.0,0.25
363,1347499329456463872.jpg,0.8,0.0,1.0,0.0,0.0
364,1347578011751763968.jpg,0.0,0.0,0.0,0.0,0.0
365,1347708434309914625.jpg,0.0,0.0,1.0,0.0,0.0
366,1347898133888577543.jpg,0.0,0.0,0.8,0.0,0.0
367,1347926565070512128.jpg,0.0,0.0,0.83,0.0,0.0
368,1347932676188155904.jpg,1.0,0.0,1.0,0.0,0.0
369,1347934247542251521.jpg,1.0,0.0,1.0,0.0,0.0
370,1348100349777874944.jpg,0.0,0.0,0.5,0.0,0.0
371,1348102264469082114.jpg,0.0,0.0,0.81,0.0,0.0
372,1348291540523704322.jpg,0.0,0.0,0.01,0.0,0.0
373,1348463854942965764.jpg,0.0,0.0,0.5,0.0,0.0
374,1348663586592317449.jpg,0.5,0.0,1.0,0.0,0.0
375,1348675482926030850.jpg,0.0,0.0,1.0,0.0,0.0
376,1348676651941564422.jpg,0.0,0.0,0.5,0.0,0.0
377,1348676693414834176.jpg,0.0,0.0,0.0,0.0,0.0
378,1348677853194321921.jpg,0.0,0.0,0.94,0.0,0.0
379,1348689820030275584.jpg,0.0,0.0,0.8,0.0,0.0
380,1348707625106436097.jpg,0.0,0.0,0.0,0.0,0.0
381,1348716022673629187.jpg,0.0,0.0,0.0,0.0,0.0
382,1348813350709424129.jpg,0.0,0.0,0.4,0.0,0.0
383,1348852295690235906.jpg,0.0,0.0,0.0,0.0,0.0
384,1348874060625637376.jpg,0.0,0.0,0.9,0.0,0.0
385,1348993865877884928.jpg,0.0,0.0,0.8,0.0,0.0
386,1349005962733084678.jpg,0.0,0.0,0.5,0.0,0.0
387,1349047276086435842.jpg,0.0,0.0,0.0,0.0,0.0
388,1349051171630157824.jpg,0.0,0.0,0.0,0.0,0.0
389,1349075187606704132.jpg,0.0,0.0,0.0,0.0,0.0
390,1349103996607340546.jpg,0.0,0.0,0.0,0.0,0.0
391,1349104224718749707.jpg,0.0,0.0,0.0,0.0,0.0
392,1349182723521449992.jpg,0.0,0.0,0.0,0.0,0.0
393,1349294240283521024.jpg,0.0,0.0,0.0,0.0,0.0
394,1349302257142145029.jpg,0.0,0.0,0.0,0.0,0.0
395,1349380461768953856.jpg,0.0,0.0,0.0,0.0,0.0
396,1349389412388327425.jpg,0.9,0.0,1.0,0.0,0.1
397,1349398919109890053.jpg,0.0,0.0,1.0,0.0,0.0
398,1349456418139758593.jpg,0.0,0.0,0.92,0.0,0.0
399,1349516155715792905.jpg,0.0,0.0,0.9,0.0,0.0
400,1349520313176870914.jpg,0.0,0.0,0.0,0.0,0.0
401,1349695692382629889.jpg,0.0,0.0,0.0,0.0,0.0
402,1349706761033420801.jpg,0.0,0.0,0.0,0.0,0.0
403,1349750208268177410.jpg,0.8,0.0,0.9,0.0,0.0
404,1349850481892343808.jpg,0.0,0.0,0.0,0.0,0.0
405,1349912986949996545.jpg,0.0,0.0,0.0,0.0,0.0
406,1349986895032291330.jpg,0.0,0.0,1.0,0.0,0.0
407,1350213482981986306.jpg,0.0,0.0,1.0,0.0,0.0
408,1350228326728790018.jpg,0.0,0.0,0.0,0.0,0.0
409,1350515552356192261.jpg,0.0,0.0,0.0,0.0,0.0
410,1350537000298934272.jpg,0.0,0.0,0.5,0.0,0.0
411,1350560411943383040.jpg,0.0,0.0,0.0,0.0,0.0
412,1350572021835591680.jpg,0.0,0.0,0.5,0.0,0.0
413,1350742591499874305.jpg,0.0,0.0,0.3,0.0,0.1
414,1350783625202200577.jpg,0.0,0.0,0.9,0.0,0.0
415,1350795999464153089.jpg,0.0,0.0,0.01,0.0,0.0
416,1350823638057025537.jpg,0.0,0.0,0.25,0.0,0.4
417,1350963718608351237.jpg,0.0,0.0,0.22,0.0,0.2
418,1351204775216500745.jpg,0.0,0.0,0.8,0.0,0.0
419,1351210198329937921.jpg,0.0,0.0,1.0,0.0,0.0
420,1351258786737115136.jpg,0.0,0.0,0.0,0.0,0.0
421,1351271805856583680.jpg,0.0,0.0,1.0,0.0,0.0
422,1351300522599444486.jpg,0.0,0.0,0.5,0.0,0.0
423,1351380251411177472.jpg,0.0,0.0,0.63,0.0,0.0
424,1351479939812323328.jpg,0.0,0.0,0.5,0.0,0.0
425,1351572925883830279.jpg,0.0,0.0,0.8,0.0,0.0
426,1351613001703563265.jpg,0.0,0.0,0.0,0.0,0.0
427,1351628704267579395.jpg,0.0,0.0,0.9,0.0,0.0
428,1351686160960122880.jpg,0.25,0.0,0.8,0.0,0.0
429,1351697115953696769.jpg,0.0,0.0,1.0,0.0,0.0
430,1351938721822748676.jpg,0.0,0.0,0.0,0.0,0.0
431,1351977785296900096.jpg,0.0,0.0,0.95,0.0,0.0
432,1352017029751066624.jpg,0.0,0.0,0.9,0.0,0.0
433,1352032322267320320.jpg,0.0,0.0,0.0,0.0,0.0
434,1352127666107916288.jpg,0.0,0.0,0.0,0.0,0.0
435,1352292373339009025.jpg,0.0,0.0,0.0,0.0,0.0
436,1352316543640584193.jpg,0.0,0.0,0.8,0.0,0.2
437,1352343923000225792.jpg,0.0,0.0,0.0,0.0,0.0
438,1352375696417550338.jpg,0.0,0.0,0.8,0.0,0.0
439,1352384047276838912.jpg,0.95,0.0,0.85,0.0,0.0
440,1352395195493580803.jpg,0.0,0.0,0.0,0.0,0.0
441,1352478655864217600.jpg,0.67,0.0,0.92,0.0,0.0
442,1352527240555339778.jpg,0.82,0.0,0.95,0.0,0.0
443,1352546743003607043.jpg,0.0,0.0,0.1,0.0,0.0
444,1352711940175507462.jpg,0.0,0.0,0.5,0.0,0.0
445,1352720207412940802.jpg,0.0,0.0,0.95,0.0,0.0
446,1352779332574355456.jpg,0.0,0.0,0.5,0.0,0.0
447,1353187181859233793.jpg,0.98,0.0,0.95,0.0,0.0
448,1353830968675586054.jpg,0.0,0.0,0.0,0.0,0.0
449,1354108124047675392.jpg,0.0,0.0,0.0,0.0,0.0
450,1354169730874159106.jpg,0.0,0.0,0.0,0.0,0.0
451,1354428222243565570.jpg,0.0,0.0,0.0,0.0,0.0
452,1354454683834789890.jpg,0.93,0.0,0.88,0.02,0.05
453,1354482533925322759.jpg,0.0,0.0,0.0,0.0,0.01
454,1354545123246419969.jpg,0.91,0.0,0.9,0.0,0.0
455,1354550036466700295.jpg,0.0,0.0,0.0,0.0,0.0
456,1354763031792807937.jpg,0.92,0.0,0.78,0.0,0.0
457,1354796527324114946.jpg,0.92,0.0,0.88,0.0,0.0
458,1354827710518837251.jpg,0.0,0.0,1.0,0.0,0.0
459,1354829144471834626.jpg,0.0,0.0,0.0,0.0,0.0
460,1354841218396663811.jpg,0.0,0.0,0.5,0.0,0.0
461,1354861222831644672.jpg,0.0,0.0,0.8,0.0,0.0
462,1354881936519528448.jpg,0.0,0.0,1.0,0.0,0.0
463,1354917816630173697.jpg,0.0,0.0,1.0,0.0,0.0
464,1354941521422905347.jpg,0.0,0.0,0.0,0.0,0.0
465,1355051117852434432.jpg,0.0,0.0,0.0,0.0,0.0
466,1355223066708684804.jpg,0.91,0.0,0.8,0.0,0.01
467,1355264845420003328.jpg,0.82,0.0,0.96,0.0,0.0
468,1355609696200237059.jpg,0.0,0.0,0.0,0.0,0.0
469,1355645535147995136.jpg,0.0,0.0,0.0,0.0,0.0
470,1355739223618441218.jpg,0.88,0.0,0.98,0.0,0.0
471,1355988601402650624.jpg,0.0,0.0,0.0,0.0,0.0
472,1356036744538427396.jpg,0.83,0.0,0.92,0.0,0.0
473,1356251733136191491.jpg,0.0,0.0,0.0,0.0,0.0
474,1356282809644625923.jpg,0.0,0.0,0.9,0.0,0.0
475,1356308060667596801.jpg,0.0,0.0,0.0,0.0,0.0
476,1356360100559122432.jpg,0.92,0.0,0.98,0.01,0.01
477,1356388574430658561.jpg,0.0,0.0,1.0,0.0,0.0
478,1356401031333220352.jpg,0.0,0.0,0.3,0.0,0.0
479,1356467456315961346.jpg,0.91,0.0,0.95,0.0,0.0
480,1356585922675015683.jpg,0.0,0.0,0.5,0.0,0.0
481,1356592556570783744.jpg,0.95,0.0,1.0,0.0,0.0
482,1356648585102786561.jpg,0.92,0.0,0.83,0.0,0.0
483,1356651894576398337.jpg,0.0,0.0,0.5,0.0,0.0
484,1356666453387173891.jpg,0.0,0.0,0.0,0.0,0.0
485,1356693876510130176.jpg,0.0,0.0,0.8,0.0,0.0
486,1356704123903758336.jpg,0.0,0.0,0.0,0.0,0.0
487,1356735395380277254.jpg,0.0,0.0,1.0,0.0,0.0
488,1356739192500473857.jpg,0.0,0.0,0.0,0.0,0.0
489,1356915219579166720.jpg,0.0,0.0,0.95,0.0,0.0
490,1356947408714797058.jpg,0.0,0.0,0.0,0.0,0.0
491,1356985349864525824.jpg,0.0,0.0,0.0,0.0,0.0
492,1356989898948026376.jpg,0.0,0.0,1.0,0.0,0.0
493,1357056263415300100.jpg,0.0,0.0,0.8,0.0,0.0
494,1357081237446402049.jpg,0.0,0.0,0.9,0.0,0.0
495,1357140892658798592.jpg,0.0,0.0,0.0,0.0,0.0
496,1357142533768380416.jpg,0.98,0.0,0.95,0.01,0.0
497,1357251315810902016.jpg,0.0,0.0,0.5,0.0,0.0
498,1357350371358875649.jpg,0.0,0.0,1.0,0.0,0.0
499,1357418653864501249.jpg,0.0,0.0,0.9,0.0,0.0
500,1357464939867340802.jpg,0.0,0.0,0.0,0.0,0.0
501,1357691000945319946.jpg,0.0,0.0,0.9,0.0,0.0
502,1357696548688265217.jpg,0.0,0.0,0.0,0.0,0.0
503,1357697991822503937.jpg,0.8,0.0,0.9,0.0,0.0
504,1357705534963613701.jpg,0.0,0.0,0.8,0.0,0.0
505,1357711815367614465.jpg,0.51,0.0,0.89,0.0,0.11
506,1357753494430642176.jpg,0.0,0.0,0.0,0.0,0.0
507,1357804885899624449.jpg,0.83,0.0,0.67,0.0,0.0
508,1357823026876862465.jpg,0.0,0.0,0.0,0.0,0.0
509,1357910198338400259.jpg,0.0,0.0,0.0,0.0,0.0
510,1357917464022106114.jpg,0.0,0.0,0.5,0.0,0.0
511,1357931603872288768.jpg,0.0,0.0,0.0,0.0,0.0
512,1357955823087935492.jpg,0.0,0.0,0.0,0.0,0.0
513,1358026995301498883.jpg,0.0,0.0,0.2,0.0,0.0
514,1358074118336299010.jpg,0.82,0.0,0.98,0.0,0.0
515,1358094391357837313.jpg,0.95,0.0,0.8,0.0,0.0
516,1358162820676878336.jpg,0.0,0.0,0.8,0.0,0.2
517,1358165191985299456.jpg,0.0,0.0,1.0,0.0,0.0
518,1358203773496262656.jpg,0.0,0.0,0.5,0.0,0.0
519,1358378867195535360.jpg,0.0,0.0,0.83,0.0,0.0
520,1358411499606339585.jpg,0.8,0.0,0.9,0.0,0.0
521,1358412639391604738.jpg,0.0,0.0,0.8,0.0,0.0
522,1358415780698857472.jpg,0.0,0.0,1.0,0.0,0.0
523,1358562094656876545.jpg,0.0,0.0,0.0,0.0,0.0
524,1358577345750306821.jpg,0.0,0.0,0.0,0.0,0.0
525,1358624567636369409.jpg,0.0,0.0,0.67,0.0,0.0
526,1358761374269243392.jpg,0.0,0.0,0.0,0.0,0.0
527,1358802894376607749.jpg,0.0,0.0,0.05,0.0,0.0
528,1358811759738519554.jpg,0.0,0.0,0.0,0.0,0.0
529,1358817572989394944.jpg,0.0,0.0,0.5,0.0,0.0
530,1358952682103398402.jpg,0.99,0.0,0.95,0.0,0.0
531,1359154906037370893.jpg,0.0,0.0,1.0,0.0,0.0
532,1359262009137725442.jpg,0.0,0.0,0.5,0.0,0.0
533,1359592977329393664.jpg,0.0,0.0,0.8,0.0,0.0
534,1359970205611532288.jpg,0.0,0.0,0.0,0.0,0.0
535,1360004337410469893.jpg,0.0,0.0,1.0,0.0,0.0
536,1360030511012405250.jpg,0.0,0.0,0.83,0.0,0.0
537,1360246943188877316.jpg,0.0,0.0,0.9,0.0,0.0
538,1360567058359009283.jpg,0.0,0.0,0.0,0.0,0.0
539,1360646433695793153.jpg,0.0,0.0,0.9,0.0,0.0
540,1360652786216632323.jpg,0.0,0.0,0.0,0.0,0.0
541,1360726642482585601.jpg,0.0,0.0,0.5,0.0,0.0
542,1360767951331188736.jpg,0.0,0.0,0.6,0.0,0.0
543,1360951932802637831.jpg,0.0,0.0,0.0,0.0,0.0
544,1360994342031163392.jpg,0.9,0.0,0.95,0.0,0.0
545,1361008261760245764.jpg,0.0,0.0,0.0,0.0,0.0
546,1361009698179330057.jpg,0.43,0.0,0.63,0.0,0.0
547,1361064792463663104.jpg,0.0,0.0,0.0,0.0,0.0
548,1361073639802740738.jpg,0.0,0.17,0.0,0.0,0.83
549,1361088712491360256.jpg,0.0,0.0,0.85,0.0,0.0
550,1361091116863533058.jpg,0.85,0.0,0.95,0.0,0.0
551,1361104442096050176.jpg,0.0,0.0,0.8,0.0,0.0
552,1361106637629571073.jpg,0.0,0.0,0.2,0.0,0.0
553,1361116209765212162.jpg,0.0,0.0,0.0,0.0,0.0
554,1361120748006424576.jpg,0.0,0.0,0.9,0.0,0.0
555,1361137757410762753.jpg,0.0,0.0,0.8,0.0,0.0
556,1361323716160802818.jpg,0.83,0.0,0.93,0.0,0.0
557,1361334649470021634.jpg,0.0,0.0,0.85,0.0,0.0
558,1361338603310317573.jpg,0.85,0.0,0.95,0.0,0.0
559,1361341033452351501.jpg,0.0,0.0,0.0,0.0,0.0
560,1361343024517820424.jpg,0.0,0.0,0.6,0.0,0.0
561,1361344281965973512.jpg,0.0,0.0,0.5,0.0,0.0
562,1361344803380813829.jpg,0.0,0.0,0.5,0.0,0.0
563,1361346669355425792.jpg,0.0,0.0,0.0,0.0,0.0
564,1361375774985629702.jpg,0.0,0.0,0.8,0.0,0.0
565,1361407430622670850.jpg,0.0,0.0,0.0,0.0,0.2
566,1361436059637342214.jpg,0.0,0.0,0.8,0.0,0.0
567,1361446063874392065.jpg,0.92,0.0,0.95,0.0,0.0
568,1361457785473499140.jpg,0.0,0.0,0.0,0.0,0.0
569,1361493928466391043.jpg,0.0,0.0,0.0,0.0,0.0
570,1361631444674748418.jpg,0.0,0.0,0.5,0.0,0.0
571,1361663724940111873.jpg,0.83,0.0,0.96,0.0,0.03
572,1361704232274034690.jpg,0.0,0.0,0.0,0.0,0.0
573,1361726762623897613.jpg,0.88,0.0,0.95,0.05,0.01
574,1361787849666871299.jpg,0.0,0.0,0.92,0.0,0.0
575,1361891447977480196.jpg,0.0,0.0,0.0,0.0,0.0
576,1362010864224768000.jpg,0.0,0.0,0.8,0.0,0.0
577,1362062491124170754.jpg,0.9,0.0,0.4,0.0,0.0
578,1362065582930149379.jpg,0.0,0.0,0.87,0.0,0.0
579,1362088329928466436.jpg,1.0,0.0,0.8,0.0,0.0
580,1362122700630593538.jpg,0.0,0.0,0.0,0.0,0.0
581,1362182975408889862.jpg,0.0,0.0,0.8,0.0,0.0
582,1362379697762365440.jpg,0.0,0.0,0.8,0.0,0.0
583,1362407911134269446.jpg,0.0,0.0,0.0,0.0,0.0
584,1362409896868802564.jpg,0.0,0.0,0.0,0.0,0.0
585,1362456353747386368.jpg,0.0,0.0,0.0,0.0,0.0
586,1362494243873447938.jpg,0.0,0.0,0.95,0.0,0.0
587,1362517639843770368.jpg,0.83,0.0,0.93,0.0,0.0
588,1362537564297568258.jpg,0.0,0.0,0.5,0.0,0.0
589,1362548554829471746.jpg,0.0,0.0,0.8,0.0,0.0
590,1362570737786245123.jpg,0.0,0.0,0.0,0.0,0.0
591,1362580870754885636.jpg,0.0,0.0,0.0,0.0,0.0
592,1362604404377985026.jpg,0.0,0.0,0.0,0.0,0.0
593,1362641377687912450.jpg,1.0,0.0,0.9,0.0,0.0
594,1362738516325789699.jpg,0.0,0.0,0.0,0.0,0.0
595,1362763870062792704.jpg,0.0,0.0,0.0,0.0,0.0
596,1362811795581374465.jpg,1.0,0.0,0.95,0.0,0.05
597,1362822094539677697.jpg,0.0,0.0,0.9,0.0,0.0
598,1362907714318344192.jpg,0.0,0.0,0.1,0.0,0.0
599,1363128711239897093.jpg,0.0,0.0,1.0,0.0,0.0
600,1363201762409127936.jpg,0.0,0.0,0.95,0.0,0.05
601,1363223157629460485.jpg,0.0,0.0,0.8,0.0,0.0
602,1363231750441234432.jpg,0.0,0.0,1.0,0.0,0.0
603,1363271985237753857.jpg,0.0,0.0,1.0,0.0,0.0
604,1363284939106476034.jpg,0.0,0.0,0.1,0.0,0.0
605,1363294890457632770.jpg,0.83,0.0,0.92,0.0,0.0
606,1363414572556816384.jpg,0.0,0.0,0.5,0.0,0.0
607,1363488787872047105.jpg,0.0,0.0,0.5,0.0,0.0
608,1363517280303390724.jpg,0.0,0.0,0.5,0.0,0.0
609,1363549506411847681.jpg,0.0,0.0,0.02,0.0,0.01
610,1363623799095189505.jpg,0.0,0.0,0.0,0.0,0.0
611,1363688714115964928.jpg,0.0,0.0,0.0,0.0,0.0
612,1363776961164713987.jpg,0.0,0.0,0.0,0.0,0.0
613,1363827407514386435.jpg,0.01,0.0,0.98,0.0,0.02
614,1363881482389909506.jpg,0.9,0.0,0.8,0.0,0.1
615,1363919021817683975.jpg,0.9,0.0,1.0,0.0,0.0
616,1363955305982402563.jpg,0.0,0.0,0.75,0.0,0.0
617,1364033862918094848.jpg,0.0,0.0,0.8,0.0,0.0
618,1364136322185756676.jpg,0.0,0.0,0.0,0.0,0.0
619,1364249530267361282.jpg,0.0,0.0,0.0,0.0,0.0
620,1364254766491193350.jpg,0.0,0.0,0.8,0.0,0.0
621,1364270689402806274.jpg,0.0,0.0,0.0,0.0,0.0
622,1364311658244505601.jpg,0.0,0.0,0.92,0.0,0.0
623,1364324317698400256.jpg,0.0,0.0,0.3,0.0,0.0
624,1364342930643812356.jpg,0.0,0.0,0.83,0.0,0.0
625,1364344131833708546.jpg,0.0,0.0,0.0,0.0,0.0
626,1364368222938689538.jpg,0.0,0.0,1.0,0.0,0.0
627,1364370454429990913.jpg,0.0,0.0,0.0,0.0,0.0
628,1364386225457627139.jpg,0.0,0.0,0.93,0.0,0.0
629,1364410806834757633.jpg,0.0,0.0,0.0,0.0,0.0
630,1364432732764348417.jpg,0.0,0.0,0.89,0.0,0.0
631,1364455540001181696.jpg,0.0,0.0,1.0,0.0,0.0
632,1364508458234634241.jpg,0.0,0.0,0.0,0.0,0.0
633,1364573146058280965.jpg,0.0,0.0,0.0,0.0,0.0
634,1364585059131523072.jpg,0.0,0.0,0.33,0.0,0.0
635,1364591401024040960.jpg,0.0,0.0,0.0,0.0,0.0
636,1364616947258818561.jpg,0.0,0.0,0.9,0.0,0.0
637,1364630685756121091.jpg,0.0,0.0,0.92,0.0,0.0
638,1364633201117782016.jpg,0.0,0.0,0.0,0.0,0.0
639,1364637006454661121.jpg,0.0,0.0,1.0,0.0,0.0
640,1364638614240583680.jpg,0.0,0.0,0.0,0.0,0.0
641,1364645050144202757.jpg,0.0,0.0,0.0,0.0,0.0
642,1364668179067248640.jpg,0.0,0.0,0.0,0.0,0.0
643,1364669182806286338.jpg,0.0,0.0,0.8,0.0,0.0
644,1364689569321418755.jpg,0.0,0.0,0.5,0.0,0.0
645,1364706430264123396.jpg,0.0,0.0,0.83,0.0,0.0
646,1364724222627639296.jpg,0.0,0.0,0.25,0.0,0.0
647,1364738193141211137.jpg,0.0,0.0,0.8,0.0,0.0
648,1364777660568596483.jpg,0.0,0.0,0.0,0.0,0.0
649,1364787110868312068.jpg,0.0,0.0,0.0,0.0,0.0
650,1364865108103491585.jpg,0.0,0.0,0.5,0.0,0.0
651,1364943179544420357.jpg,0.0,0.0,0.0,0.0,0.0
652,1364961620976361472.jpg,0.9,0.0,0.95,0.0,0.0
653,1364983892420161538.jpg,0.0,0.0,0.85,0.0,0.0
654,1364987732431372310.jpg,0.0,0.0,0.5,0.0,0.0
655,1365001453102788610.jpg,0.0,0.0,0.0,0.0,0.0
656,1365003891889364997.jpg,0.0,0.0,0.0,0.0,0.0
657,1365026908346400769.jpg,0.0,0.0,0.92,0.0,0.0
658,1365035274733031425.jpg,0.53,0.0,0.97,0.0,0.03
659,1365041005079253000.jpg,0.0,0.0,0.1,0.0,0.0
660,1365060283190947842.jpg,0.0,0.0,1.0,0.0,0.0
661,1365121769825181696.jpg,0.0,0.0,0.1,0.0,0.0
662,1365247430795665411.jpg,0.0,0.0,0.5,0.0,0.0
663,1365369885216313344.jpg,0.0,0.0,0.0,0.0,0.0
664,1365445088176967685.jpg,0.0,0.0,0.9,0.0,0.0
665,1365488332554313730.jpg,0.0,0.0,0.8,0.0,0.0
666,1365496881950859265.jpg,0.0,0.0,0.8,0.0,0.0
667,1365653236426936321.jpg,0.0,0.0,0.8,0.0,0.0
668,1365671797971156992.jpg,0.87,0.0,0.93,0.0,0.0
669,1365726063352025089.jpg,0.8,0.0,0.9,0.0,0.0
670,1365790071694258184.jpg,0.0,0.0,0.5,0.0,0.0
671,1365865250726191105.jpg,0.0,0.0,0.5,0.0,0.0
672,1366018563476238342.jpg,0.0,0.0,0.7,0.0,0.0
673,1366042118930726915.jpg,0.0,0.0,1.0,0.0,0.0
674,1366075116778450946.jpg,0.0,0.0,0.5,0.0,0.0
675,1366183658386821122.jpg,0.0,0.0,1.0,0.0,0.0
676,1366231979495153664.jpg,0.0,0.0,0.0,0.0,0.0
677,1366299315732422667.jpg,0.0,0.0,0.0,0.0,0.0
678,1366420718544584707.jpg,0.83,0.0,0.93,0.0,0.0
679,1366426778068205572.jpg,0.0,0.0,0.5,0.0,0.0
680,1366484992327622656.jpg,0.0,0.0,0.05,0.0,0.03
681,1366493428851363840.jpg,0.0,0.0,0.0,0.0,0.0
682,1366736556468301828.jpg,0.0,0.0,0.0,0.0,0.0
683,1366758480628047875.jpg,0.0,0.0,1.0,0.0,0.0
684,1366780362085572609.jpg,0.0,0.0,0.8,0.0,0.0
685,1366814650155868165.jpg,0.0,0.0,0.0,0.0,0.0
686,1366845529909420032.jpg,0.63,0.0,0.83,0.0,0.0
687,1366858383664496640.jpg,1.0,0.0,1.0,0.0,0.0
688,1366871201138827269.jpg,0.0,0.0,0.9,0.0,0.0
689,1366900226406182913.jpg,0.99,0.0,0.95,0.0,0.01
690,1366916749875179520.jpg,0.0,0.0,1.0,0.0,0.0
691,1366962345990324227.jpg,0.92,0.0,0.95,0.0,0.0
692,1366992335008010241.jpg,1.0,0.0,1.0,0.0,0.0
693,1367015744873979909.jpg,0.0,0.0,0.5,0.0,0.0
694,1367123979018854402.jpg,0.0,0.0,0.0,0.0,0.0
695,1367139019457503233.jpg,0.0,0.0,1.0,0.0,0.0
696,1367145013923184642.jpg,0.0,0.0,0.0,0.0,0.0
697,1367169170614358016.jpg,0.0,0.0,0.83,0.0,0.0
698,1367176019925467137.jpg,0.0,0.0,0.99,0.0,0.0
699,1367220887431348233.jpg,0.0,0.0,0.5,0.0,0.0
700,1367255222846898176.jpg,0.0,0.0,0.0,0.0,0.0
701,1367263779076141057.jpg,0.0,0.0,0.5,0.0,0.0
702,1367306574776070146.jpg,0.83,0.0,0.92,0.0,0.0
703,1367318945846472709.jpg,0.0,0.0,0.0,0.0,0.0
704,1367512810381602819.jpg,0.0,0.0,0.0,0.0,0.0
705,1367530649477857286.jpg,0.0,0.0,0.67,0.0,0.0
706,1367561489788375046.jpg,0.0,0.0,0.75,0.0,0.0
707,1367571064633446400.jpg,0.0,0.0,0.5,0.0,0.0
708,1367584679751163905.jpg,0.0,0.0,0.8,0.0,0.2
709,1367595240555741184.jpg,0.0,0.0,1.0,0.0,0.0
710,1367595967982223377.jpg,0.0,0.0,0.9,0.0,0.0
711,1367622645194264578.jpg,0.87,0.0,1.0,0.0,0.0
712,1367643381690552322.jpg,0.0,0.0,0.0,0.0,0.0
713,1367701541793132552.jpg,0.0,0.0,1.0,0.0,0.0
714,1367859567275614212.jpg,0.0,0.0,0.83,0.0,0.0
715,1367869286073704453.jpg,0.0,0.0,0.67,0.0,0.0
716,1367880730873827328.jpg,1.0,0.0,1.0,0.0,0.0
717,1367881278297694209.jpg,0.0,0.0,0.2,0.0,0.1
718,1367929624345317379.jpg,0.93,0.0,0.95,0.0,0.0
719,1367936722114347010.jpg,1.0,0.0,1.0,0.0,0.0
720,1367993482028138497.jpg,0.0,0.0,0.9,0.0,0.0
721,1368186928500244483.jpg,0.0,0.0,0.91,0.0,0.0
722,1368193081066012687.jpg,0.0,0.0,0.5,0.0,0.0
723,1368208634606284800.jpg,0.0,0.0,0.8,0.0,0.0
724,1368210341851758597.jpg,0.0,0.0,0.43,0.0,0.0
725,1368210531035799553.jpg,0.0,0.0,1.0,0.0,0.0
726,1368261985230483459.jpg,0.0,0.0,0.0,0.0,0.0
727,1368268654920470532.jpg,0.0,0.0,0.0,0.0,0.0
728,1368272255688474626.jpg,0.0,0.0,0.5,0.0,0.0
729,1368272446927695873.jpg,0.0,0.0,0.0,0.0,0.0
730,1368294731919327232.jpg,0.0,0.0,0.5,0.0,0.0
731,1368318933816676354.jpg,0.0,0.0,0.0,0.0,0.0
732,1368335314503237635.jpg,0.0,0.0,0.95,0.0,0.0
733,1368565606124052480.jpg,0.87,0.0,1.0,0.0,0.0
734,1368591191483195392.jpg,0.0,0.0,0.0,0.0,0.0
735,1368660279723237381.jpg,0.0,0.0,0.0,0.0,0.0
736,1368683634148990979.jpg,0.0,0.0,0.8,0.0,0.0
737,1368900841747398659.jpg,0.0,0.0,0.0,0.0,0.0
738,1368911467391631361.jpg,1.0,0.0,1.0,0.0,0.0
739,1368913254668509185.jpg,0.0,0.0,0.5,0.0,0.0
740,1368922570918092800.jpg,0.9,0.0,0.8,0.0,0.0
741,1368969771232808965.jpg,1.0,0.0,1.0,0.0,0.0
742,1368988431473283072.jpg,0.9,0.0,0.8,0.0,0.0
743,1369013646215569410.jpg,0.0,0.0,0.93,0.0,0.0
744,1369027178701197314.jpg,0.0,0.0,0.0,0.0,0.0
745,1369121638789373952.jpg,1.0,0.0,1.0,0.0,0.0
746,1369289423603572737.jpg,0.0,0.0,0.8,0.0,0.0
747,1369301121794248723.jpg,0.0,0.0,1.0,0.0,0.0
748,1369330413315915776.jpg,0.0,0.0,0.5,0.0,0.0
749,1369371125583581191.jpg,0.93,0.0,0.98,0.0,0.0
750,1369374117628149769.jpg,0.0,0.0,0.0,0.0,0.0
751,1369509077655621632.jpg,0.0,0.0,0.0,0.0,0.0
752,1369527050873233408.jpg,0.0,0.0,0.0,0.0,0.0
753,1369651557285982214.jpg,1.0,0.0,1.0,0.0,0.0
754,1369654573447712768.jpg,0.92,0.0,0.98,0.02,0.1
755,1369688265457082369.jpg,1.0,0.0,1.0,0.0,0.0
756,1369696629909950471.jpg,0.0,0.0,0.5,0.0,0.0
757,1369706919779315719.jpg,0.0,0.0,0.95,0.0,0.0
758,1369737030813425664.jpg,0.0,0.0,0.0,0.0,0.0
759,1369743613249413124.jpg,0.0,0.0,0.95,0.0,0.0
760,1369766260985131010.jpg,0.0,0.0,1.0,0.0,0.0
761,1369771932208488449.jpg,0.0,0.0,1.0,0.0,0.0
762,1369772309272268803.jpg,0.0,0.0,0.5,0.0,0.0
763,1369892941531992064.jpg,0.0,0.0,0.3,0.0,0.0
764,1369997175770480640.jpg,0.0,0.0,1.0,0.0,0.0
765,1370033395171012609.jpg,0.0,0.0,0.5,0.0,0.0
766,1370040795902980096.jpg,0.92,0.0,0.83,0.0,0.0
767,1370045544417144832.jpg,0.0,0.0,0.0,0.0,0.0
768,1370047701467987971.jpg,0.8,0.0,1.0,0.0,0.0
769,1370048788275007493.jpg,0.8,0.0,0.9,0.0,0.0
770,1370054901397663752.jpg,0.0,0.0,0.0,0.0,0.0
771,1370056912302133256.jpg,1.0,0.0,0.8,0.0,0.0
772,1370056928404078592.jpg,0.0,0.0,0.8,0.0,0.0
773,1370058009322356742.jpg,0.0,0.0,0.8,0.0,0.0
774,1370059491073490944.jpg,0.0,0.0,0.0,0.0,0.0
775,1370060326931152904.jpg,1.0,0.0,1.0,0.0,0.0
776,1370066040814714880.jpg,1.0,0.0,1.0,0.0,0.0
777,1370067302478180361.jpg,0.8,0.0,0.9,0.0,0.0
778,1370067414755418114.jpg,0.0,0.0,0.99,0.0,0.0
779,1370067752854171649.jpg,0.0,0.0,1.0,0.0,0.0
780,1370072580221206538.jpg,0.0,0.0,0.0,0.0,0.0
781,1370075636274896897.jpg,0.0,0.0,0.9,0.0,0.0
782,1370076078732087299.jpg,0.0,0.0,1.0,0.0,0.0
783,1370077695799857152.jpg,0.0,0.0,0.83,0.0,0.0
784,1370087264240476171.jpg,1.0,0.0,1.0,0.0,0.0
785,1370087444062814210.jpg,0.0,0.0,0.0,0.0,0.0
786,1370089121692127241.jpg,0.0,0.0,0.8,0.0,0.0
787,1370097995090440193.jpg,0.0,0.0,1.0,0.0,0.0
788,1370099231214739461.jpg,0.0,0.0,1.0,0.0,0.0
789,1370104245266042889.jpg,0.0,0.0,0.92,0.0,0.08
790,1370108112909254659.jpg,0.0,0.0,0.5,0.0,0.0
791,1370111866610057217.jpg,0.0,0.0,0.83,0.0,0.0
792,1370120639294623747.jpg,0.0,0.0,1.0,0.0,0.0
793,1370120734719279106.jpg,0.0,0.0,0.0,0.0,0.0
794,1370128203705094144.jpg,0.92,0.0,0.95,0.0,0.0
795,1370159683521146880.jpg,0.98,0.02,0.99,0.0,0.0
796,1370187627765374980.jpg,0.0,0.0,0.75,0.0,0.0
797,1370197831223447552.jpg,0.0,0.0,0.0,0.0,0.0
798,1370204122536939522.jpg,0.0,0.0,0.8,0.0,0.0
799,1370230168955019266.jpg,0.0,0.0,1.0,0.0,0.0
800,1370298806705606659.jpg,0.0,0.0,0.8,0.0,0.0
801,1370338056415289348.jpg,0.0,0.0,0.0,0.0,0.0
802,1370368310051749889.jpg,0.0,0.0,0.0,0.0,0.0
803,1370381053823758336.jpg,0.93,0.0,0.98,0.0,0.0
804,1370382136201547781.jpg,0.0,0.0,0.0,0.0,0.0
805,1370404437232078851.jpg,0.0,0.0,0.82,0.0,0.0
806,1370513198500155395.jpg,0.0,0.0,0.92,0.0,0.0
807,1370604049226162176.jpg,0.0,0.0,0.8,0.0,0.0
808,1370705672678084609.jpg,0.0,0.0,0.2,0.0,0.0
809,1370725799767248902.jpg,0.0,0.0,0.8,0.0,0.0
810,1370737065495777280.jpg,0.0,0.0,1.0,0.0,0.0
811,1370751994818859009.jpg,0.0,0.0,0.5,0.0,0.0
812,1370779951012663296.jpg,0.0,0.0,0.0,0.0,0.0
813,1370789768313847810.jpg,0.0,0.0,0.5,0.0,0.0
814,1370798836566884356.jpg,0.0,0.01,0.0,0.0,0.0
815,1370865111821283329.jpg,0.83,0.0,0.9,0.0,0.0
816,1370880746190110722.jpg,0.0,0.0,0.0,0.0,0.0
817,1370932699964207105.jpg,0.0,0.0,0.8,0.0,0.0
818,1371140457292439553.jpg,0.0,0.0,0.3,0.0,0.0
819,1371457987420770305.jpg,0.0,0.0,0.0,0.0,0.0
820,1371507002564808709.jpg,0.0,0.0,1.0,0.0,0.0
821,1371535699795570691.jpg,0.0,0.0,1.0,0.0,0.0
822,1371560838214135815.jpg,0.0,0.0,1.0,0.0,0.0
823,1371589871375159296.jpg,0.0,0.0,0.9,0.0,0.0
824,1371597099104661504.jpg,0.0,0.0,0.5,0.0,0.0
825,1371603679241924612.jpg,0.0,0.0,0.0,0.0,0.0
826,1371613948357795840.jpg,0.0,0.0,0.92,0.0,0.0
827,1371642375836114945.jpg,0.0,0.0,0.5,0.0,0.0
828,1371802735780233217.jpg,0.0,0.0,0.8,0.0,0.0
829,1371860774235291653.jpg,0.0,0.0,0.0,0.0,0.0
830,1371884350766206977.jpg,0.8,0.0,0.9,0.0,0.0
831,1371997241293033476.jpg,0.87,0.0,0.95,0.0,0.0
832,1372169680945868808.jpg,0.0,0.0,0.0,0.0,0.17
833,1372171985728503810.jpg,0.98,0.0,0.92,0.0,0.0
834,1372180868404482052.jpg,0.0,0.0,0.0,0.0,0.0
835,1372188257744785415.jpg,0.0,0.0,0.8,0.0,0.0
836,1372192708341637121.jpg,0.0,0.0,1.0,0.0,0.0
837,1372193549521915907.jpg,0.0,0.0,0.9,0.0,0.1
838,1372193915940401154.jpg,0.0,0.0,0.0,0.0,0.0
839,1372208453117079556.jpg,0.9,0.0,0.8,0.0,0.0
840,1372246390856814598.jpg,0.0,0.0,1.0,0.0,0.0
841,1372264134146854913.jpg,0.0,0.0,0.11,0.0,0.03
842,1372266327814049793.jpg,0.0,0.0,0.95,0.0,0.0
843,1372295878665404417.jpg,0.0,0.0,0.25,0.0,0.0
844,1372308222762131459.jpg,0.98,0.0,0.99,0.0,0.0
845,1372320536274071553.jpg,0.8,0.0,1.0,0.0,0.0
846,1372342809047527424.jpg,0.0,0.0,0.8,0.0,0.2
847,1372362130989715457.jpg,0.0,0.0,0.0,0.0,0.0
848,1372363139677892608.jpg,0.0,0.0,0.2,0.0,0.0
849,1372380359539752961.jpg,0.0,0.0,0.7,0.0,0.3
850,1372383058788241408.jpg,0.0,0.0,0.0,0.0,0.0
851,1372391255280386052.jpg,0.0,0.0,0.0,0.0,0.0
852,1372599472333729795.jpg,0.83,0.0,0.98,0.0,0.0
853,1372633126577565708.jpg,0.0,0.0,0.0,0.0,0.0
854,1372645560046522373.jpg,0.0,0.0,0.0,0.0,0.0
855,1372677908637102082.jpg,0.0,0.0,0.0,0.0,0.0
856,1372686195428356096.jpg,0.0,0.0,1.0,0.0,0.0
857,1372705344330244097.jpg,0.0,0.0,0.6,0.4,0.2
858,1372740196425293826.jpg,0.0,0.0,0.0,0.0,0.0
859,1372880585706852352.jpg,0.87,0.0,0.93,0.0,0.0
860,1372896199791976452.jpg,0.0,0.0,0.0,0.0,0.0
861,1372910857064173577.jpg,0.0,0.0,0.5,0.0,0.0
862,1372912215716679682.jpg,0.0,0.0,0.8,0.0,0.0
863,1372921106793914368.jpg,0.0,0.0,0.5,0.0,0.0
864,1372925432870404098.jpg,0.53,0.0,0.83,0.0,0.0
865,1372936384034447366.jpg,0.0,0.0,0.0,0.0,0.0
866,1372948481149530116.jpg,0.93,0.0,1.0,0.0,0.0
867,1373099484180324361.jpg,0.0,0.0,0.0,0.0,0.0
868,1373119570584743938.jpg,0.0,0.0,0.03,0.0,0.0
869,1373643996220825601.jpg,0.0,0.0,0.1,0.0,0.0
870,1373798417319788548.jpg,0.0,0.0,1.0,0.0,0.0
871,1373983025944481794.jpg,0.0,0.0,0.0,0.0,0.0
872,1374043991847616512.jpg,0.0,0.0,0.0,0.0,0.0
873,1374048705624608774.jpg,0.0,0.0,0.9,0.0,0.0
874,1374153920864473091.jpg,0.0,0.0,0.9,0.0,0.0
875,1374154485698822149.jpg,0.0,0.0,0.2,0.0,0.1
876,1374160123086573568.jpg,0.0,0.0,0.0,0.0,0.0
877,1374169700079259652.jpg,0.0,0.0,0.0,0.0,0.0
878,1374204283030212608.jpg,0.0,0.0,0.5,0.0,0.0
879,1374212471108509699.jpg,0.0,0.0,0.8,0.0,0.2
880,1374277201202458624.jpg,0.0,0.0,0.08,0.0,0.0
881,1374307049576787968.jpg,0.0,0.0,0.0,0.0,0.0
882,1374315812408979456.jpg,0.83,0.0,0.97,0.0,0.0
883,1374316740121878529.jpg,0.0,0.0,0.0,0.0,0.0
884,1374320583765331973.jpg,0.0,0.0,0.0,0.0,0.0
885,1374337701600583680.jpg,0.0,0.0,0.62,0.0,0.0
886,1374337839886925825.jpg,0.2,0.0,0.3,0.0,0.1
887,1374343272575946754.jpg,0.02,0.0,0.5,0.0,0.0
888,1374355731005198338.jpg,0.0,0.0,0.1,0.0,0.0
889,1374357567019876365.jpg,0.0,0.0,0.5,0.0,0.0
890,1374361433375436808.jpg,0.0,0.0,0.5,0.0,0.0
891,1374367472711729166.jpg,0.0,0.0,0.5,0.6,0.8
892,1374368109755297796.jpg,0.0,0.0,0.02,0.0,0.0
893,1374373353176264721.jpg,0.83,0.0,0.88,0.0,0.0
894,1374378173446516753.jpg,0.0,0.0,0.83,0.0,0.0
895,1374380780059684880.jpg,0.83,0.0,0.87,0.0,0.0
896,1374389701176483854.jpg,0.0,0.0,0.5,0.0,0.0
897,1374395458852847630.jpg,0.0,0.0,0.5,0.0,0.0
898,1374402763107438592.jpg,0.83,0.0,0.98,0.0,0.0
899,1374415032281300994.jpg,0.0,0.0,0.0,0.0,0.0
900,1374419077431652364.jpg,0.0,0.0,0.0,0.0,0.0
901,1374419159245746184.jpg,0.02,0.0,0.75,0.0,0.0
902,1374423302035304450.jpg,0.23,0.0,0.42,0.0,0.0
903,1374429630568886274.jpg,0.9,0.0,0.95,0.0,0.05
904,1374434991447281664.jpg,1.0,0.0,1.0,0.0,0.0
905,1374441969766727681.jpg,0.0,0.0,0.0,0.0,0.0
906,1374445752257155082.jpg,0.9,0.0,0.95,0.0,0.05
907,1374451383152218121.jpg,0.0,0.0,0.6,0.0,0.0
908,1374452083663855616.jpg,0.0,0.0,0.0,0.0,0.0
909,1374453185494929410.jpg,1.0,0.0,1.0,0.0,0.0
910,1374453666980143104.jpg,0.0,0.0,0.0,0.0,0.0
911,1374459890933010458.jpg,0.0,0.0,1.0,0.0,0.0
912,1374462406441635848.jpg,0.92,0.0,0.83,0.0,0.0
913,1374472256768765954.jpg,0.0,0.0,0.85,0.0,0.0
914,1374483595293696001.jpg,0.0,0.0,0.0,0.0,0.0
915,1374500925973229577.jpg,1.0,0.0,0.9,0.0,0.0
916,1374503240188919812.jpg,0.0,0.0,0.0,0.0,0.0
917,1374508696525361164.jpg,0.0,0.0,0.1,0.0,0.0
918,1374521457879912451.jpg,0.0,0.0,0.0,0.0,0.0
919,1374530053078323202.jpg,0.0,0.0,0.92,0.0,0.0
920,1374533451462873090.jpg,0.0,0.0,0.9,0.0,0.0
921,1374542539127103492.jpg,0.0,0.0,0.23,0.0,0.18
922,1374544916186009603.jpg,0.0,0.0,0.0,0.0,0.0
923,1374550640274247680.jpg,0.0,0.0,0.5,0.0,0.0
924,1374551821012770816.jpg,0.0,0.0,0.1,0.0,0.0
925,1374552703829897217.jpg,0.0,0.0,0.9,0.0,0.0
926,1374564630106759170.jpg,0.0,0.0,0.0,0.0,0.0
927,1374566374954110980.jpg,0.92,0.0,0.05,0.0,0.0
928,1374578316468965378.jpg,0.8,0.0,0.9,0.0,0.0
929,1374684811789545475.jpg,0.0,0.0,1.0,0.0,0.0
930,1374685601996308480.jpg,0.0,0.0,0.0,0.0,0.0
931,1374697208231116809.jpg,0.0,0.0,0.8,0.0,0.0
932,1374702164304662528.jpg,0.0,0.0,0.9,0.0,0.0
933,1374709226732457986.jpg,0.0,0.0,0.6,0.0,0.0
934,1374714644028358668.jpg,0.0,0.0,0.43,0.0,0.0
935,1374715361669562370.jpg,0.0,0.0,0.8,0.0,0.0
936,1374720661264957446.jpg,0.0,0.0,1.0,0.0,0.0
937,1374721160026406914.jpg,0.0,0.0,0.0,0.0,0.0
938,1374722583535480833.jpg,0.0,0.0,0.2,0.0,0.1
939,1374722678125338624.jpg,0.0,0.0,0.0,0.0,0.0
940,1374725248550076419.jpg,0.0,0.0,0.8,0.0,0.0
941,1374731245867831298.jpg,0.0,0.0,0.0,0.0,0.0
942,1374742557670916100.jpg,0.0,0.0,0.83,0.0,0.0
943,1374758587407343617.jpg,0.0,0.0,0.0,0.0,0.0
944,1374769271872569354.jpg,0.0,0.0,0.0,0.0,0.0
945,1374772822506094601.jpg,0.0,0.0,1.0,0.0,0.0
946,1374778432106622977.jpg,0.0,0.0,0.8,0.0,0.0
947,1374785042984091648.jpg,0.0,0.0,0.0,0.0,0.0
948,1374785380164190214.jpg,0.0,0.0,0.0,0.0,0.0
949,1374788888812781572.jpg,0.0,0.0,0.8,0.0,0.0
950,1374791836087242752.jpg,0.83,0.0,0.92,0.08,0.06
951,1374801311712038917.jpg,0.0,0.0,0.0,0.0,0.0
952,1374813790424944650.jpg,0.85,0.0,0.7,0.0,0.0
953,1374831577625157636.jpg,0.8,0.0,0.9,0.0,0.0
954,1374838143694823426.jpg,0.0,0.0,0.0,0.0,0.0
955,1374843721284456453.jpg,0.0,0.0,0.0,0.0,0.0
956,1374865621960249345.jpg,0.0,0.0,0.0,0.0,0.0
957,1374871495919423491.jpg,0.0,0.0,0.9,0.0,0.0
958,1374920585214631939.jpg,0.98,0.0,0.92,0.0,0.0
959,1374971900644888581.jpg,0.53,0.0,0.93,0.0,0.0
960,1375038940969848834.jpg,0.0,0.0,0.9,0.0,0.0
961,1375042992457797635.jpg,0.53,0.0,0.93,0.0,0.07
962,1375070409842774023.jpg,0.58,0.0,0.82,0.0,0.0
963,1375090907331051533.jpg,0.0,0.0,0.0,0.0,0.0
964,1375097688987947013.jpg,1.0,0.0,1.0,0.0,0.0
965,1375105271907815424.jpg,0.83,0.0,1.0,0.0,0.0
966,1375105339570466818.jpg,0.0,0.0,0.93,0.0,0.07
967,1375125332794216451.jpg,0.83,0.0,0.95,0.0,0.0
968,1375129117071306758.jpg,0.0,0.0,0.0,0.0,0.0
969,1375129657306193928.jpg,0.0,0.0,0.0,0.0,0.0
970,1375140557727662081.jpg,0.0,0.0,0.0,0.0,0.0
971,1375147065081163778.jpg,0.0,0.0,0.0,0.0,0.0
972,1375152872837484550.jpg,1.0,0.0,0.8,0.0,0.0
973,1375154266093060098.jpg,0.8,0.0,0.9,0.0,0.0
974,1375155929029750785.jpg,0.0,0.0,0.8,0.0,0.0
975,1375161020637925380.jpg,0.83,0.0,0.97,0.0,0.0
976,1375182250497609728.jpg,0.0,0.0,0.0,0.0,0.0
977,1375190848883863553.jpg,0.0,0.0,0.0,0.0,0.0
978,1375201296999927811.jpg,0.0,0.0,0.0,0.0,0.0
979,1375251972723511296.jpg,1.0,0.0,1.0,0.0,0.0
980,1375259256157519874.jpg,0.0,0.0,0.0,0.0,0.0
981,1375270489506078728.jpg,0.92,0.0,0.81,0.0,0.0
982,1375303070477922304.jpg,0.0,0.0,0.1,0.0,0.0
983,1375308390017208321.jpg,0.0,0.0,0.0,0.0,0.0
984,1375370816507031553.jpg,0.0,0.0,0.0,0.0,0.0
985,1375404025714196483.jpg,0.0,0.0,0.8,0.0,0.0
986,1375417251231277059.jpg,0.0,0.0,0.5,0.0,0.0
987,1375420607857373191.jpg,0.0,0.0,0.9,0.0,0.1
988,1375422911180333057.jpg,0.0,0.0,0.5,0.0,0.0
989,1375424930909712394.jpg,0.0,0.0,0.0,0.0,0.0
990,1375430257969348610.jpg,0.0,0.0,0.93,0.0,0.0
991,1375447448445988866.jpg,0.0,0.0,0.0,0.0,0.0
992,1375456161311375365.jpg,0.8,0.0,0.9,0.0,0.0
993,1375462072314523648.jpg,0.0,0.0,0.83,0.0,0.0
994,1375482916805939201.jpg,0.0,0.0,0.5,0.0,0.0
995,1375492753765720065.jpg,0.0,0.0,0.83,0.0,0.0
996,1375507344876969986.jpg,0.0,0.0,0.92,0.0,0.0
997,1375516852877553664.jpg,0.8,0.0,0.9,0.0,0.1
998,1375522293443489794.jpg,0.0,0.0,0.5,0.0,0.8
999,1375524158759698437.jpg,0.0,0.0,0.2,0.0,0.0
1000,1375537874750300166.jpg,0.0,0.0,0.0,0.0,0.0
1001,1375554556185210882.jpg,0.98,0.0,0.88,0.0,0.0
1002,1375556201363177483.jpg,0.8,0.0,0.9,0.0,0.0
1003,1375568644017639428.jpg,0.81,0.0,0.85,0.0,0.0
1004,1375587700942778369.jpg,0.0,0.0,0.9,0.0,0.0
1005,1375605998854021129.jpg,0.0,0.0,0.8,0.0,0.0
1006,1375607639623671811.jpg,0.0,0.0,0.0,0.0,0.0
1007,1375757068708233218.jpg,0.0,0.0,0.0,0.0,0.0
1008,1375786523560411142.jpg,0.0,0.0,0.9,0.0,0.0
1009,1375804657205977089.jpg,0.0,0.0,1.0,0.0,0.0
1010,1375817150905081859.jpg,0.0,0.0,0.6,0.0,0.0
1011,1375829438575779843.jpg,0.0,0.0,0.83,0.0,0.0
1012,1375832482541670403.jpg,0.0,0.0,1.0,0.0,0.0
1013,1375846571611394050.jpg,0.0,0.0,0.5,0.0,0.0
1014,1375859766598242307.jpg,0.0,0.0,1.0,0.0,0.0
1015,1375884381009625094.jpg,0.0,0.0,0.2,0.0,0.0
1016,1375886605555097603.jpg,0.0,0.0,0.0,0.0,0.0
1017,1375886949806919684.jpg,0.0,0.0,1.0,0.0,0.0
1018,1375909422376042497.jpg,0.0,0.0,0.93,0.0,0.07
1019,1375915557174710276.jpg,0.0,0.0,0.0,0.0,0.0
1020,1375923983225290753.jpg,0.0,0.0,0.0,0.0,0.0
1021,1375928615217545218.jpg,0.0,0.0,0.2,0.0,0.0
1022,1375928842028716033.jpg,0.0,0.0,0.43,0.0,0.0
