,0,1,2,3,4,5,6,7,8,9
0,1372936384034447366,0.0,0.0,0.88,0.83,0.67,0.0,0.0,0.17,0.0
1,1327310308260667393,0.0,0.0,0.9,0.8,0.6,0.0,0.0,0.4,0.0
2,1334523148692312065,0.0,0.0,0.83,0.67,0.92,0.0,0.0,0.0,0.0
3,1324087921641721856,1.0,0.0,0.0,0.0,1.0,0.0,0.0,0.0,0.0
4,1313162243035607040,1.0,0.0,0.0,0.0,0.95,0.0,0.0,0.2,0.0
5,1357140892658798592,0.0,0.0,0.83,0.9,0.0,0.0,0.0,0.67,0.0
6,1375928615217545218,0.0,1.0,0.0,0.8,1.0,0.0,0.0,0.0,0.0
7,1321992651923742722,1.0,1.0,0.0,0.0,0.8,0.0,0.0,0.0,0.0
8,1340442042992877573,0.0,0.0,0.9,0.95,0.05,0.0,0.0,0.75,0.0
9,1363955305982402563,0.0,1.0,0.83,0.67,0.33,0.0,0.0,0.17,0.0
10,1357697991822503937,1.0,0.0,0.0,0.0,0.8,0.0,0.0,0.0,0.0
11,1374542539127103492,1.0,0.0,0.0,0.0,0.9,0.0,0.0,0.2,0.0
12,1375829438575779843,1.0,1.0,,,,,,,
13,1318708474591776768,1.0,0.0,0.0,0.0,1.0,0.0,0.4,0.0,0.0
14,1338521073961365506,1.0,0.0,0.0,0.0,1.0,0.0,0.0,0.0,0.0
15,1370187627765374980,0.0,0.0,0.0,0.8,0.9,0.0,0.0,0.2,0.0
16,1375105271907815424,1.0,0.0,0.0,0.0,0.8,0.0,0.0,0.0,0.0
17,1345391919095033863,0.0,0.0,0.0,0.0,0.8,0.0,0.0,0.2,0.0
18,1374533451462873090,0.0,0.0,0.8,0.9,0.7,0.0,0.0,0.3,0.0
19,1324005515219947525,1.0,0.0,0.0,0.0,0.8,0.0,0.0,0.2,0.0
20,1346836374004113408,0.0,0.0,0.0,0.83,0.25,0.0,0.0,0.17,0.0
21,1367993482028138497,0.0,0.0,0.8,0.7,0.9,0.0,0.0,0.6,0.0
22,1325007657170857984,0.0,0.0,0.83,0.0,0.67,0.0,0.0,0.33,0.0
23,1350560411943383040,0.0,0.0,0.92,0.98,0.86,0.0,0.0,0.74,0.0
24,1374564630106759170,1.0,1.0,0.0,0.0,0.8,0.0,0.0,0.0,0.0
25,1338686569289494529,1.0,1.0,0.0,0.0,0.83,0.0,0.0,0.17,0.0
26,1365496881950859265,0.0,1.0,0.83,0.98,0.05,0.0,0.0,0.07,0.0
27,1320954028981846017,1.0,1.0,0.0,0.0,0.93,0.0,0.0,0.0,0.0
28,1369706919779315719,0.0,0.0,0.87,0.83,0.93,0.0,0.0,0.4,0.0
29,1318939979540799488,1.0,0.0,0.0,0.0,1.0,0.0,0.0,0.0,0.0
30,1327673361032486915,0.0,1.0,0.8,0.0,0.9,0.0,0.0,0.1,0.0
31,1357142533768380416,1.0,1.0,0.0,0.8,0.9,0.0,0.0,0.2,0.0
32,1314264056983965699,1.0,0.0,0.0,0.0,0.8,0.0,0.0,0.1,0.0
33,1375097688987947013,1.0,0.0,0.0,0.0,0.8,0.0,0.0,0.1,0.0
34,1363549506411847681,1.0,0.0,0.0,0.0,1.0,0.0,0.0,0.0,0.0
35,1316481779075674112,0.0,0.0,0.0,0.0,1.0,0.0,0.0,0.21,0.0
36,1370033395171012609,0.0,0.0,0.83,0.92,0.58,0.0,0.0,0.42,0.0
37,1362182975408889862,0.0,0.0,0.83,0.0,0.67,0.0,0.0,0.17,0.0
38,1315259793855123456,1.0,0.0,0.0,0.0,1.0,0.0,0.0,0.0,0.0
39,1362122700630593538,1.0,0.0,0.0,0.0,0.8,0.0,0.0,0.4,0.0
40,1332119362082279424,0.0,0.0,0.8,0.0,0.9,0.0,0.0,0.2,0.0
41,1366299315732422667,1.0,0.0,0.0,0.0,0.25,0.0,0.0,0.0,0.0
42,1361120748006424576,1.0,0.0,0.0,0.0,0.67,0.0,0.0,0.0,0.0
43,1346950933104783362,1.0,0.0,0.0,0.89,0.56,0.0,0.0,0.11,0.0
44,1363776961164713987,0.0,0.0,0.88,0.0,0.63,0.0,0.0,0.22,0.0
45,1362811795581374465,1.0,0.0,0.0,0.0,1.0,0.0,0.0,0.83,0.0
46,1348463854942965764,0.0,0.0,0.95,0.85,0.4,0.0,0.0,0.8,0.0
47,1374578316468965378,1.0,0.0,0.0,0.4,0.8,0.0,0.0,0.0,0.0
48,1374441969766727681,1.0,1.0,0.0,0.0,0.8,0.0,0.0,0.0,0.0
49,1340783552041005056,1.0,0.0,0.0,0.0,1.0,0.0,0.0,0.0,0.0
50,1330915948983939072,0.0,0.0,0.83,0.63,0.78,0.0,0.0,0.22,0.0
51,1340570930506944512,0.0,0.0,0.0,0.0,0.8,0.0,0.0,0.2,0.0
52,1312688836372242435,1.0,0.0,0.0,0.0,0.5,0.0,0.0,0.33,0.0
53,1354796527324114946,1.0,0.0,0.0,0.0,0.93,0.0,0.0,0.0,0.0
54,1368913254668509185,0.0,1.0,0.0,0.91,0.29,0.0,0.0,0.45,0.0
55,1374043991847616512,1.0,1.0,0.0,0.0,0.0,0.0,0.0,0.4,0.0
56,1323832745584447488,1.0,0.0,0.0,0.0,0.8,0.0,0.0,0.4,0.0
57,1344849626445168640,0.0,0.0,0.0,0.0,1.0,0.0,0.0,0.0,0.0
58,1372910857064173577,0.0,0.0,0.0,0.0,0.2,0.0,0.0,0.0,0.0
59,1368660279723237381,1.0,0.0,0.0,0.0,0.8,0.0,0.0,0.2,0.0
60,1366845529909420032,0.0,1.0,0.0,0.95,0.6,0.0,0.0,0.05,0.0
61,1374725248550076419,1.0,0.0,0.0,0.0,0.83,0.0,0.0,0.22,0.0
62,1321244809772912642,0.0,0.0,0.92,0.05,0.93,0.0,0.0,0.35,0.0
63,1374702164304662528,1.0,1.0,0.0,0.0,0.83,0.0,0.0,0.17,0.0
64,1323748106467422209,1.0,0.0,0.0,0.0,0.0,0.0,0.0,0.0,0.0
65,1337140151521140736,0.0,0.0,0.92,0.87,0.42,0.0,0.0,0.31,0.0
66,1314263050699116544,1.0,0.0,0.0,0.0,0.82,0.0,0.0,0.0,0.5
67,1363919021817683975,1.0,1.0,0.0,0.0,0.8,0.0,0.0,0.2,0.0
68,1370725799767248902,0.0,0.0,0.83,0.92,0.98,0.0,0.0,0.57,0.0
69,1340759489968918529,0.0,0.0,0.94,0.99,0.97,0.0,0.0,0.0,0.0
70,1369371125583581191,1.0,1.0,0.0,0.0,0.9,0.0,0.0,0.0,0.0
71,1370338056415289348,0.0,0.0,1.0,0.8,1.0,0.0,0.0,0.4,0.0
72,1338571472411955207,1.0,0.0,0.0,0.0,0.8,0.0,0.0,0.0,0.0
73,1348663586592317449,0.0,1.0,0.83,0.0,0.67,0.0,0.0,0.33,0.0
74,1370072580221206538,1.0,0.0,0.0,0.0,0.99,0.0,0.0,0.0,0.0
75,1325155319522054145,1.0,0.0,0.0,0.0,0.9,0.0,0.0,0.0,0.0
76,1365369885216313344,0.0,0.0,0.87,0.93,0.03,0.0,0.0,0.23,0.0
77,1375190848883863553,0.0,0.0,0.0,0.0,0.0,0.0,0.0,0.9,0.0
78,1343215497333059586,0.0,1.0,0.83,0.0,0.67,0.0,0.0,0.33,0.0
79,1361104442096050176,0.0,1.0,0.0,0.83,0.67,0.0,0.0,0.0,0.0
80,1314260551183327234,1.0,1.0,0.0,0.0,1.0,0.0,0.0,0.0,0.0
81,1374337839886925825,1.0,0.0,0.0,0.0,0.83,0.0,0.0,0.0,0.0
82,1318615265396011013,1.0,1.0,0.0,0.0,0.7,0.0,0.0,0.0,0.0
83,1323665868090417152,1.0,0.0,0.0,0.0,0.0,0.0,0.0,0.01,0.0
84,1370120734719279106,0.0,0.0,1.0,1.0,0.5,0.0,0.0,0.75,0.0
85,1361323716160802818,0.0,0.0,0.83,0.42,0.92,0.0,0.0,0.58,0.0
86,1323030670264934402,0.0,1.0,0.94,0.03,0.87,0.0,0.0,0.12,0.0
87,1347079777333649412,0.0,0.0,0.93,0.88,0.62,0.0,0.0,0.42,0.0
88,1346232439731994625,1.0,0.0,0.0,0.0,0.9,0.0,0.0,0.1,0.0
89,1374791836087242752,1.0,0.0,0.0,0.0,0.92,0.0,0.0,0.0,0.0
90,1354827710518837251,0.0,1.0,0.8,0.4,0.7,0.0,0.0,0.2,0.0
91,1372342809047527424,1.0,1.0,0.0,0.0,0.0,0.0,0.87,0.0,0.13
92,1352127666107916288,0.0,0.0,0.0,0.0,0.92,0.0,0.0,0.0,0.0
93,1358811759738519554,1.0,0.0,0.0,0.0,0.9,0.0,0.0,0.0,0.0
94,1345798388697198593,1.0,0.0,0.0,0.0,0.9,0.0,0.0,0.0,0.0
95,1313856367233396737,0.0,0.0,0.98,0.42,0.12,0.0,0.0,0.28,0.0
96,1375884381009625094,0.0,1.0,0.0,0.0,0.0,0.0,0.0,0.5,0.0
97,1369737030813425664,0.0,0.0,0.8,0.9,0.3,0.0,0.0,0.7,0.0
98,1367595240555741184,0.0,0.0,0.95,0.85,0.9,0.0,0.0,0.65,0.0
99,1337696851156475906,0.0,0.0,0.0,0.17,0.83,0.0,0.0,0.0,0.0
100,1316481409234735109,1.0,0.0,0.0,0.0,0.9,0.0,0.0,0.0,0.0
101,1356592556570783744,0.0,1.0,0.83,0.17,1.0,0.0,0.0,0.5,0.0
102,1364591401024040960,0.0,0.0,0.0,0.0,0.0,0.0,0.0,0.5,0.0
103,1315657739666886658,1.0,1.0,0.0,0.0,1.0,0.0,0.0,0.0,0.0
104,1374419159245746184,0.0,1.0,0.82,0.0,0.98,0.0,0.0,0.0,0.0
105,1340055420346445827,1.0,0.0,0.0,0.0,0.0,0.0,0.0,0.02,0.0
106,1366075116778450946,0.0,0.0,0.83,0.53,0.67,0.0,0.0,0.17,0.0
107,1363294890457632770,1.0,0.0,0.0,0.0,0.9,0.0,0.0,0.0,0.0
108,1336291246281789440,1.0,0.0,0.0,0.0,0.83,0.0,0.0,0.0,0.0
109,1372208453117079556,1.0,1.0,0.0,0.0,0.83,0.0,0.0,0.17,0.0
110,1331327509259022336,0.0,0.0,0.83,0.0,0.67,0.0,0.0,0.33,0.0
111,1364508458234634241,0.0,0.0,0.9,0.95,0.85,0.0,0.0,0.8,0.0
112,1349912986949996545,0.0,0.0,0.8,0.9,0.0,0.0,0.0,0.1,0.0
113,1319655762361225216,1.0,1.0,0.0,0.0,0.8,0.0,0.0,0.2,0.0
114,1330962451215638528,1.0,1.0,0.0,0.0,0.8,0.0,0.0,0.9,0.0
115,1336900287982919683,0.0,0.0,0.0,0.0,0.67,0.0,0.0,0.0,0.0
116,1317567784675471361,0.0,1.0,0.9,0.0,0.7,0.0,0.0,0.8,0.0
117,1368272446927695873,1.0,1.0,0.0,0.0,0.0,0.0,0.0,0.8,0.0
118,1371613948357795840,1.0,0.0,0.0,0.0,1.0,0.0,0.0,0.0,0.0
119,1369772309272268803,1.0,0.0,0.0,0.0,1.0,0.0,0.0,0.0,0.0
120,1349695692382629889,1.0,1.0,0.0,0.9,0.0,0.0,0.0,0.5,0.0
121,1375251972723511296,1.0,1.0,0.0,0.0,0.92,0.0,0.0,0.0,0.0
122,1318576302354501632,1.0,0.0,0.0,0.0,0.5,0.0,0.0,0.0,0.0
123,1369997175770480640,1.0,1.0,0.0,0.0,0.9,0.0,0.0,0.0,0.0
124,1375587700942778369,0.0,0.0,0.8,0.0,0.9,0.0,0.0,0.7,0.0
125,1364573146058280965,0.0,1.0,1.0,1.0,0.8,0.0,0.0,0.6,0.0
126,1375522293443489794,1.0,1.0,0.0,0.0,0.83,0.0,0.0,0.17,0.0
127,1374772822506094601,0.0,0.0,0.83,0.58,0.92,0.0,0.0,0.17,0.0
128,1365121769825181696,1.0,0.0,0.0,0.83,0.67,0.0,0.0,0.0,0.0
129,1370751994818859009,1.0,0.0,0.0,0.0,0.0,0.0,0.0,0.0,0.0
130,1361088712491360256,0.0,0.0,0.91,0.98,0.89,0.0,0.0,0.76,0.0
131,1374788888812781572,0.0,0.0,0.0,0.0,0.98,0.0,0.0,0.83,0.0
132,1370798836566884356,0.0,1.0,0.0,0.0,0.0,0.0,0.0,0.4,0.0
133,1346964782600101889,1.0,0.0,0.0,0.0,0.9,0.0,0.0,0.0,0.0
134,1374320583765331973,1.0,1.0,0.0,0.0,0.8,0.0,0.0,0.2,0.0
135,1338884523224788993,1.0,0.0,0.0,0.0,1.0,0.0,0.0,0.0,0.0
136,1375152872837484550,1.0,1.0,0.0,0.0,0.8,0.0,0.0,0.0,0.0
137,1375859766598242307,1.0,1.0,0.0,0.0,0.0,0.0,0.0,0.8,0.0
138,1320442832780468231,1.0,0.0,0.0,0.0,0.93,0.0,0.0,0.0,0.0
139,1372320536274071553,1.0,0.0,0.0,0.0,0.83,0.0,0.0,0.0,0.0
140,1361891447977480196,1.0,1.0,0.0,0.0,0.8,0.0,0.0,0.6,0.0
141,1363271985237753857,0.0,0.0,1.0,0.9,0.2,0.0,0.0,0.8,0.0
142,1324601823555104768,1.0,1.0,0.0,0.0,0.92,0.0,0.0,0.7,0.0
143,1370047701467987971,1.0,0.0,0.0,0.0,1.0,0.0,0.0,0.0,0.0
144,1364249530267361282,0.0,1.0,0.98,0.02,0.42,0.0,0.0,0.2,0.0
145,1319312376898912256,1.0,0.0,0.0,0.0,0.83,0.0,0.0,0.0,0.0
146,1375140557727662081,1.0,0.0,0.0,0.0,0.5,0.0,0.0,0.0,0.0
147,1323657893397303296,1.0,0.0,0.0,0.0,0.2,0.0,0.0,0.8,0.0
148,1356989898948026376,0.0,1.0,0.98,0.95,0.88,0.0,0.0,0.92,0.0
149,1367571064633446400,0.0,0.0,0.8,0.0,0.2,0.0,0.0,0.4,0.0
150,1372645560046522373,1.0,0.0,0.0,0.0,1.0,0.0,0.0,0.0,0.0
151,1340074879467581441,1.0,0.0,0.0,0.0,0.8,0.0,0.0,0.0,0.0
152,1372633126577565708,1.0,0.0,0.0,0.0,0.9,0.0,0.0,0.0,0.0
153,1374395458852847630,1.0,1.0,0.0,0.0,0.8,0.0,0.0,0.1,0.0
154,1374971900644888581,1.0,1.0,0.0,0.0,0.8,0.0,0.0,0.6,0.0
155,1370705672678084609,1.0,0.0,0.0,0.0,1.0,0.0,0.0,0.0,0.0
156,1374838143694823426,1.0,0.0,0.0,0.0,0.92,0.0,0.0,0.0,0.0
157,1323987023548567564,1.0,0.0,0.0,0.0,0.8,0.0,0.0,0.2,0.0
158,1364738193141211137,0.0,0.0,0.0,0.83,0.67,0.0,0.0,0.33,0.0
159,1368294731919327232,0.0,0.0,1.0,0.93,0.67,0.0,0.0,0.43,0.0
160,1336006747941695498,0.0,1.0,0.0,0.0,0.8,0.0,0.0,0.2,0.0
161,1349104224718749707,0.0,1.0,0.9,0.8,0.4,0.0,0.0,0.2,0.0
162,1374423302035304450,1.0,1.0,0.0,0.0,0.8,0.0,0.0,0.0,0.0
163,1339275043017199616,0.0,1.0,0.83,0.8,0.4,0.0,0.0,0.6,0.0
164,1313147306728919040,0.0,0.0,0.83,0.42,0.92,0.0,0.0,0.95,0.0
165,1364961620976361472,0.0,1.0,0.0,0.0,1.0,0.0,0.0,0.0,0.0
166,1329455891163324422,1.0,0.0,0.0,0.0,0.8,0.0,0.0,0.0,0.0
167,1344819549821169665,1.0,0.0,0.0,0.0,0.5,0.0,0.0,0.0,0.0
168,1348675482926030850,0.0,1.0,0.0,0.13,0.86,0.0,0.0,0.23,0.0
169,1369121638789373952,1.0,0.0,0.0,0.0,0.8,0.0,0.0,0.2,0.0
170,1338659484596518912,1.0,1.0,0.0,0.0,0.83,0.0,0.0,0.0,0.0
171,1365060283190947842,1.0,0.0,0.0,0.0,0.5,0.0,0.0,0.0,0.0
172,1335737550443433984,0.0,0.0,0.0,0.0,1.0,0.0,0.0,0.0,0.0
173,1359154906037370893,0.0,0.0,0.92,0.81,0.4,0.0,0.0,0.29,0.0
174,1374721160026406914,0.0,0.0,0.8,0.9,0.7,0.0,0.0,0.4,0.0
175,1335391994894458880,0.0,0.0,0.83,0.17,0.63,0.0,0.0,0.33,0.0
176,1374483595293696001,1.0,0.0,0.0,0.75,0.88,0.0,0.0,0.25,0.0
177,1336012490489073671,1.0,0.0,0.0,0.0,0.8,0.0,0.0,0.0,0.0
178,1372391255280386052,1.0,0.0,0.0,0.33,1.0,0.0,0.0,0.67,0.0
179,1354482533925322759,1.0,0.0,0.0,0.0,1.0,0.0,0.0,0.0,0.0
180,1361375774985629702,1.0,1.0,0.0,1.0,0.5,0.0,0.0,1.0,0.0
181,1366426778068205572,0.0,0.0,0.83,0.17,0.67,0.0,0.0,0.33,0.0
182,1352711940175507462,0.0,0.0,0.83,0.92,0.0,0.0,0.0,0.25,0.0
183,1338186584835960836,0.0,0.0,0.0,0.0,0.83,0.0,0.0,0.17,0.0
184,1325435013794508802,1.0,0.0,0.0,0.0,1.0,0.0,0.0,0.0,0.0
185,1324316819944022016,1.0,0.0,0.0,0.0,0.8,0.0,0.0,0.4,0.0
186,1356915219579166720,0.0,0.0,0.0,0.2,0.9,0.0,0.0,0.4,0.0
187,1313431315178545152,1.0,0.0,0.0,0.0,0.8,0.0,0.0,0.2,0.0
188,1347934247542251521,1.0,0.0,0.0,0.0,1.0,0.0,0.0,0.0,0.0
189,1367145013923184642,0.0,0.0,0.83,0.0,0.67,0.0,0.0,0.17,0.0
190,1358624567636369409,1.0,1.0,0.0,0.0,0.8,0.0,0.0,0.0,0.0
191,1361407430622670850,1.0,1.0,0.0,0.0,0.8,0.0,0.0,0.2,0.0
192,1370077695799857152,1.0,0.0,0.0,0.0,0.8,0.0,0.0,0.2,0.0
193,1372193549521915907,0.0,1.0,0.8,0.9,0.0,0.1,0.0,0.4,0.0
194,1370932699964207105,0.0,0.0,0.96,0.95,0.42,0.0,0.0,0.05,0.0
195,1374801311712038917,0.0,0.0,0.92,0.08,0.98,0.0,0.0,0.9,0.0
196,1317053939544707073,1.0,0.0,0.0,0.0,0.57,0.0,0.0,0.14,0.0
197,1349380461768953856,0.0,0.0,0.91,0.81,1.0,0.0,0.0,0.19,0.0
198,1327283875236614144,0.0,1.0,0.0,0.0,0.8,0.0,0.0,0.0,0.0
199,1358074118336299010,0.0,1.0,0.8,0.7,0.3,0.0,0.0,0.6,0.0
200,1321608442335895552,1.0,0.0,0.0,0.0,0.83,0.0,0.0,0.0,0.0
201,1336095106932199425,0.0,1.0,,,,,,,
202,1321044429042573312,1.0,1.0,0.0,0.0,0.67,0.0,0.0,0.33,0.0
203,1370097995090440193,0.0,0.0,1.0,0.8,1.0,0.0,0.0,0.4,0.0
204,1323975329061478402,1.0,0.0,0.0,0.0,0.9,0.0,0.0,0.0,0.0
205,1338644707442909184,0.0,0.0,0.0,0.98,0.02,0.0,0.0,0.0,0.0
206,1351977785296900096,1.0,0.0,0.0,0.0,0.8,0.0,0.0,0.2,0.0
207,1350783625202200577,0.0,0.0,0.87,0.93,0.0,0.0,0.0,0.67,0.0
208,1338828010980425728,0.0,0.0,0.83,0.61,0.85,0.0,0.0,0.05,0.0
209,1349182723521449992,1.0,1.0,0.0,0.0,0.9,0.0,0.0,0.1,0.0
210,1374742557670916100,0.0,1.0,0.83,0.67,0.5,0.0,0.0,0.33,0.0
211,1346185734684872707,1.0,0.0,0.0,0.0,1.0,0.0,0.0,0.03,0.0
212,1365035274733031425,1.0,1.0,0.0,0.0,0.83,0.0,0.0,0.17,0.0
213,1366736556468301828,0.0,0.0,0.8,0.9,0.5,0.0,0.0,0.7,0.0
214,1338519748393521156,1.0,0.0,0.0,0.0,0.9,0.0,0.0,0.0,0.0
215,1342092138008379393,0.0,0.0,0.83,0.78,0.67,0.0,0.0,0.22,0.0
216,1371140457292439553,0.0,0.0,0.0,0.0,0.83,0.0,0.0,0.17,0.0
217,1367263779076141057,1.0,0.0,0.0,0.0,0.95,0.0,0.0,0.0,0.0
218,1338863040393965570,0.0,1.0,0.93,0.91,0.98,0.0,0.0,0.95,0.0
219,1349005962733084678,1.0,1.0,0.0,0.8,0.9,0.0,0.0,0.1,0.0
220,1348852295690235906,0.0,0.0,0.0,0.0,0.8,0.0,0.0,0.2,0.0
221,1320781660686864390,1.0,0.0,0.0,0.0,0.9,0.0,0.0,0.2,0.0
222,1370059491073490944,1.0,0.0,0.0,0.0,0.86,0.0,0.0,0.0,0.0
223,1354941521422905347,0.0,0.0,0.92,0.08,0.04,0.0,0.0,0.76,0.0
224,1374380780059684880,1.0,1.0,0.0,0.0,1.0,0.0,0.0,0.0,0.0
225,1319282872696537094,1.0,0.0,0.0,0.0,0.9,0.0,0.0,0.2,0.0
226,1318140063209811969,0.0,0.0,0.0,0.0,0.8,0.0,0.0,0.2,0.0
227,1365026908346400769,0.0,0.0,0.0,0.8,0.2,0.0,0.0,0.6,0.0
228,1321935699478827008,0.0,1.0,0.0,0.0,0.8,0.0,0.0,0.2,0.0
229,1361457785473499140,1.0,0.0,0.0,0.0,0.8,0.0,0.0,0.0,0.0
230,1373099484180324361,1.0,0.0,0.0,0.0,0.88,0.0,0.0,0.0,0.0
231,1356648585102786561,1.0,0.0,0.0,0.0,0.92,0.0,0.0,0.33,0.0
232,1323975368114610176,1.0,0.0,0.0,0.0,0.8,0.0,0.0,0.0,0.0
233,1370067302478180361,1.0,0.0,0.0,0.0,1.0,0.0,0.0,0.0,0.0
234,1372948481149530116,1.0,1.0,0.0,0.0,1.0,0.0,0.0,0.0,0.0
235,1375182250497609728,1.0,0.0,0.0,0.0,0.85,0.0,0.0,0.0,0.0
236,1360951932802637831,1.0,1.0,0.0,0.0,0.0,0.0,0.0,0.0,0.0
237,1375125332794216451,1.0,0.0,0.0,0.0,0.92,0.0,0.0,0.0,0.0
238,1314259274059657221,1.0,0.0,0.0,0.0,1.0,0.0,0.0,0.5,0.0
239,1362604404377985026,1.0,0.0,0.0,0.0,0.8,0.0,0.0,0.2,0.0
240,1334152920099553280,0.0,0.0,0.0,1.0,1.0,0.0,0.0,0.0,0.0
241,1361091116863533058,1.0,0.0,0.0,0.0,0.88,0.0,0.0,0.0,0.0
242,1375201296999927811,0.0,0.0,0.83,0.58,0.08,0.0,0.0,0.29,0.0
243,1346834357026254848,1.0,1.0,0.0,0.0,0.9,0.0,0.0,0.1,0.0
244,1354545123246419969,0.0,1.0,,,,,,,
245,1374722678125338624,1.0,0.0,0.0,0.0,0.0,0.0,0.0,0.0,0.0
246,1315655371713925120,1.0,0.0,0.0,0.83,0.92,0.0,0.0,0.42,0.0
247,1363128711239897093,0.0,0.0,1.0,0.88,0.83,0.0,0.0,0.5,0.0
248,1334144894420611074,0.0,0.0,0.95,0.88,0.93,0.0,0.0,0.52,0.0
249,1356251733136191491,0.0,1.0,0.0,0.0,1.0,0.0,0.0,0.0,0.0
250,1339964368776261633,1.0,0.0,0.0,0.0,1.0,0.0,0.0,0.0,0.0
251,1375404025714196483,0.0,0.0,1.0,0.0,1.0,0.0,0.0,0.5,0.0
252,1373643996220825601,1.0,0.0,0.0,0.0,0.8,0.0,0.0,0.2,0.0
253,1319331601604612103,1.0,0.0,0.0,0.0,0.5,0.0,0.0,0.0,0.0
254,1349456418139758593,0.0,0.0,0.83,0.92,0.98,0.0,0.0,0.42,0.0
255,1328129925728100356,1.0,0.0,0.0,0.0,0.82,0.0,0.9,0.0,0.9
256,1356282809644625923,0.0,0.0,0.0,0.93,0.88,0.0,0.0,0.08,0.0
257,1357753494430642176,0.0,0.0,0.83,0.0,0.58,0.0,0.0,0.92,0.0
258,1347132783001526273,1.0,1.0,0.0,0.0,1.0,0.0,0.0,0.0,0.0
259,1321172291804405770,1.0,0.0,0.0,0.0,0.5,0.0,0.0,0.0,0.0
260,1369771932208488449,0.0,0.0,1.0,1.0,0.5,0.0,0.0,0.8,0.0
261,1374212471108509699,1.0,0.0,0.0,0.0,0.9,0.0,0.0,0.1,0.0
262,1354454683834789890,1.0,0.0,0.0,0.0,0.8,0.0,0.0,0.0,0.0
263,1368922570918092800,1.0,0.0,0.0,0.0,0.96,0.0,0.0,0.0,0.0
264,1323841775660945408,1.0,0.0,0.0,0.0,0.67,0.0,0.0,0.0,0.0
265,1348100349777874944,0.0,0.0,0.0,0.92,0.88,0.0,0.0,0.64,0.0
266,1357464939867340802,0.0,1.0,0.83,0.92,0.08,0.0,0.0,0.17,0.0
267,1328187725736919040,1.0,0.0,0.0,0.0,0.93,0.0,0.0,0.0,0.0
268,1367123979018854402,0.0,0.0,1.0,0.8,0.3,0.0,0.0,0.4,0.0
269,1329470128912617473,0.0,1.0,0.83,0.0,1.0,0.0,0.0,0.17,0.0
270,1360646433695793153,0.0,0.0,0.83,0.98,0.42,0.0,0.0,0.08,0.0
271,1375129117071306758,0.0,1.0,1.0,0.83,0.67,0.0,0.0,0.83,0.0
272,1323425713974697984,1.0,0.0,0.0,0.0,0.83,0.0,0.0,0.0,0.0
273,1374920585214631939,1.0,1.0,0.0,0.0,0.8,0.0,0.0,0.0,0.0
274,1368186928500244483,0.0,0.0,1.0,0.8,0.2,0.0,0.0,0.4,0.0
275,1319685230555529217,0.0,1.0,0.83,0.17,0.67,0.0,0.0,0.33,0.0
276,1364455540001181696,0.0,1.0,0.0,0.0,0.92,0.0,0.0,0.11,0.0
277,1370045544417144832,1.0,0.0,0.0,0.0,0.92,0.0,0.0,0.0,0.0
278,1364370454429990913,0.0,0.0,0.83,0.8,0.9,0.0,0.0,0.5,0.0
279,1365865250726191105,0.0,0.0,0.0,0.8,0.2,0.0,0.0,0.0,0.0
280,1323825080141598726,1.0,0.0,0.0,0.0,0.88,0.0,0.0,0.0,0.0
281,1351210198329937921,0.0,0.0,0.8,0.5,0.0,0.0,0.0,0.7,0.0
282,1360567058359009283,0.0,0.0,0.91,0.88,0.83,0.0,0.0,0.43,0.0
283,1363201762409127936,0.0,0.0,1.0,0.9,0.7,0.0,0.0,0.5,0.0
284,1365247430795665411,0.0,1.0,0.0,0.0,1.0,0.0,0.0,0.0,0.0
285,1349047276086435842,0.0,0.0,0.83,0.93,0.87,0.0,0.0,0.5,0.0
286,1319519212054851586,1.0,0.0,0.0,0.0,0.0,0.67,0.83,0.0,0.83
287,1360246943188877316,0.0,0.0,0.9,0.8,0.0,0.0,0.0,0.7,0.0
288,1364669182806286338,0.0,0.0,0.0,0.0,0.71,0.0,0.0,0.43,0.0
289,1320088254113320960,1.0,0.0,0.0,0.0,0.8,0.0,0.0,0.4,0.0
290,1338669678621765632,1.0,1.0,0.0,0.0,0.86,0.0,0.0,0.0,0.0
291,1327228144495935489,0.0,0.0,,,,,,,
292,1346686706204991488,1.0,0.0,0.0,0.0,1.0,0.0,0.0,0.0,0.0
293,1343237196602630144,0.0,0.0,0.88,0.64,0.12,0.0,0.0,0.08,0.0
294,1318610156490510337,1.0,0.0,0.0,0.0,0.93,0.0,0.0,0.0,0.0
295,1361344281965973512,0.0,1.0,0.0,0.0,1.0,0.0,0.0,0.0,0.0
296,1348707625106436097,0.0,0.0,0.93,0.85,0.23,0.0,0.0,0.53,0.0
297,1355223066708684804,1.0,1.0,0.0,0.0,0.9,0.0,0.0,0.0,0.0
298,1375370816507031553,0.0,0.0,0.9,0.8,0.0,0.0,0.0,0.6,0.0
299,1368591191483195392,0.0,0.0,0.83,0.67,0.92,0.0,0.0,0.17,0.0
300,1315711871186542595,1.0,1.0,0.0,0.83,0.92,0.0,0.0,0.17,0.0
301,1365445088176967685,1.0,0.0,0.0,0.0,0.8,0.0,0.0,0.4,0.0
302,1365790071694258184,0.0,0.0,0.0,0.92,0.95,0.0,0.0,0.9,0.0
303,1368261985230483459,1.0,0.0,0.0,0.0,0.9,0.0,0.0,0.1,0.0
304,1371560838214135815,0.0,1.0,0.0,0.0,0.0,0.0,0.0,0.5,0.0
305,1317268395130322946,1.0,0.0,0.0,0.0,0.8,0.0,0.0,0.4,0.0
306,1317873577132199937,1.0,1.0,0.0,0.0,0.98,0.0,0.0,0.0,0.0
307,1374415032281300994,0.0,1.0,0.0,0.0,0.5,0.0,0.0,0.4,0.0
308,1314258017018355713,1.0,0.0,0.0,0.0,1.0,0.0,0.0,0.0,0.0
309,1331845284373082114,0.0,0.0,0.0,0.0,0.83,0.0,0.0,0.17,0.0
310,1315467618518806528,1.0,0.0,0.0,0.0,0.2,1.0,1.0,0.0,1.0
311,1369688265457082369,1.0,0.0,0.0,0.0,0.9,0.0,0.0,0.0,0.0
312,1363223157629460485,0.0,0.0,0.83,0.92,0.98,0.0,0.0,0.76,0.0
313,1352478655864217600,0.0,1.0,0.02,0.0,0.8,0.0,0.0,0.0,0.0
314,1325040316773228545,1.0,0.0,0.0,0.0,0.8,0.0,0.0,0.4,0.0
315,1375129657306193928,1.0,0.0,0.0,0.0,0.1,0.0,0.0,0.8,0.0
316,1338480591612866561,1.0,0.0,0.0,0.0,0.8,0.0,0.0,0.0,0.0
317,1362010864224768000,0.0,0.0,1.0,0.8,0.6,0.0,0.0,0.0,0.0
318,1354763031792807937,1.0,0.0,0.0,0.0,0.93,0.0,0.0,0.0,0.0
319,1367881278297694209,0.0,0.0,0.9,0.05,0.0,0.0,0.0,0.95,0.0
320,1370779951012663296,1.0,0.0,0.0,0.0,0.73,0.0,0.0,0.0,0.0
321,1374472256768765954,1.0,1.0,0.8,0.9,0.7,0.0,0.0,0.2,0.0
322,1318161552315482112,0.0,0.0,0.81,0.41,0.01,0.0,0.0,0.29,0.0
323,1323794547307151367,1.0,0.0,0.0,0.0,0.9,0.0,0.0,0.0,0.0
324,1372264134146854913,1.0,0.0,,,,,,,
325,1318587249924210689,1.0,0.0,0.0,0.0,0.85,0.0,0.0,0.0,0.0
326,1346829282493001730,0.0,1.0,0.0,0.5,0.9,0.0,0.0,0.8,0.0
327,1364410806834757633,0.0,0.0,0.0,0.0,1.0,0.0,0.0,0.0,0.0
328,1368900841747398659,0.0,0.0,0.98,0.85,0.6,0.0,0.0,0.95,0.0
329,1336339820428238856,0.0,0.0,0.88,0.42,0.0,0.98,0.96,0.0,0.0
330,1356693876510130176,0.0,0.0,1.0,1.0,0.0,0.0,0.0,0.0,0.0
331,1315728592702238723,0.0,0.0,0.8,0.9,0.0,0.0,0.0,0.7,0.0
332,1375155929029750785,1.0,1.0,0.0,0.33,0.67,0.0,0.0,0.17,0.0
333,1340089047461621761,1.0,0.0,0.0,0.0,0.4,0.0,0.0,0.5,0.0
334,1361341033452351501,0.0,1.0,0.0,0.0,0.86,0.0,0.0,0.0,0.0
335,1323832217018183683,1.0,0.0,0.0,0.0,0.8,0.0,0.0,0.0,0.0
336,1375554556185210882,1.0,0.0,0.0,0.0,1.0,0.0,0.0,0.0,0.0
337,1370060326931152904,1.0,0.0,0.0,0.0,1.0,0.0,0.0,0.0,0.0
338,1336068336246001673,0.0,0.0,0.0,0.0,0.4,0.0,0.0,0.5,0.0
339,1374685601996308480,1.0,0.0,0.0,0.0,0.0,0.0,0.0,0.5,0.0
340,1325403964813283330,1.0,0.0,0.0,0.0,0.95,0.0,0.0,0.4,0.0
341,1364943179544420357,0.0,0.0,0.0,0.0,1.0,0.0,0.0,0.5,0.0
342,1374357567019876365,0.0,1.0,0.93,0.03,0.98,0.0,0.0,0.3,0.0
343,1372686195428356096,1.0,0.0,0.0,0.0,1.0,0.0,0.0,0.0,0.0
344,1375832482541670403,0.0,0.0,0.8,0.0,0.9,0.0,0.0,0.5,0.0
345,1352343923000225792,1.0,0.0,0.0,0.0,1.0,0.0,0.0,0.0,0.0
346,1321488365880041473,0.0,0.0,0.8,0.0,1.0,0.0,0.0,0.5,0.0
347,1369301121794248723,0.0,1.0,0.0,0.9,0.8,0.0,0.0,0.1,0.0
348,1346815585473196033,1.0,0.0,0.0,0.0,0.8,0.0,0.0,0.2,0.0
349,1374778432106622977,1.0,0.0,0.0,0.93,0.87,0.0,0.0,0.13,0.0
350,1369509077655621632,0.0,0.0,0.83,0.96,0.81,0.0,0.0,0.58,0.0
351,1360004337410469893,1.0,0.0,0.0,0.0,1.0,0.0,0.0,1.0,0.0
352,1357711815367614465,0.0,0.0,0.0,0.85,0.95,0.0,0.0,0.9,0.0
353,1372599472333729795,0.0,0.0,0.96,0.89,0.93,0.0,0.0,0.5,0.0
354,1370159683521146880,1.0,0.0,0.0,0.0,1.0,0.0,0.0,0.0,0.0
355,1370128203705094144,1.0,0.0,0.0,0.03,0.97,0.0,0.0,0.2,0.0
356,1364386225457627139,1.0,0.0,0.0,0.0,0.8,0.0,0.0,0.4,0.0
357,1315322473005625345,1.0,0.0,0.0,0.0,0.8,0.0,0.0,0.2,0.0
358,1349051171630157824,0.0,0.0,0.91,0.81,0.61,0.0,0.0,0.21,0.0
359,1375424930909712394,0.0,0.0,0.0,0.0,1.0,0.0,0.0,0.5,0.0
360,1348291540523704322,0.0,0.0,0.0,0.92,0.05,0.0,0.0,0.4,0.0
361,1366814650155868165,1.0,0.0,0.0,0.2,0.8,0.0,0.0,0.4,0.0
362,1375308390017208321,0.0,1.0,0.0,0.83,0.92,0.0,0.0,0.98,0.0
363,1371997241293033476,1.0,0.0,0.0,0.0,1.0,0.0,0.0,0.93,0.0
364,1362763870062792704,1.0,1.0,0.0,0.0,0.0,0.0,0.0,0.0,0.0
365,1327722605105713152,1.0,1.0,0.0,0.0,0.0,0.0,0.0,0.8,0.0
366,1350963718608351237,1.0,1.0,0.0,0.93,0.07,0.0,0.0,0.93,0.0
367,1314266395954339841,1.0,1.0,0.0,0.0,0.9,0.0,0.0,0.1,0.0
368,1324082383516217354,1.0,0.0,0.0,0.0,0.89,0.0,0.0,0.0,0.0
369,1374758587407343617,0.0,0.0,0.0,0.0,1.0,0.0,0.0,0.0,0.0
370,1334870598091206661,0.0,0.0,0.95,0.8,0.05,0.0,0.0,0.2,0.0
371,1374373353176264721,1.0,1.0,0.0,0.0,0.4,0.0,0.0,0.0,0.0
372,1372180868404482052,1.0,0.0,0.0,0.0,1.0,0.0,0.0,0.0,0.0
373,1370404437232078851,0.0,0.0,0.0,0.0,1.0,0.0,0.0,0.4,0.0
374,1344242981348507649,0.0,1.0,0.81,0.91,0.61,0.0,0.0,0.51,0.0
375,1363488787872047105,0.0,0.0,0.0,0.0,0.93,0.0,0.0,0.27,0.0
376,1362494243873447938,1.0,0.0,0.0,0.0,0.33,0.0,0.0,0.67,0.0
377,1358802894376607749,1.0,0.0,0.0,0.0,1.0,0.0,0.0,0.0,0.0
378,1323425854609870849,1.0,0.0,0.0,0.0,0.83,0.0,0.0,0.0,0.0
379,1352292373339009025,1.0,0.0,0.0,0.0,0.5,0.0,0.0,0.0,0.5
380,1374429630568886274,0.0,0.0,0.83,0.0,0.88,0.0,0.0,0.58,0.0
381,1358203773496262656,0.0,0.0,0.0,0.13,1.0,0.0,0.0,0.0,0.0
382,1366420718544584707,1.0,1.0,0.0,0.0,0.83,0.0,0.0,0.0,0.0
383,1364983892420161538,0.0,1.0,0.0,0.0,0.8,0.0,0.0,0.0,0.0
384,1367220887431348233,0.0,1.0,0.0,0.0,0.9,0.0,0.0,0.0,0.0
385,1342962231563046912,1.0,0.0,0.0,0.0,0.83,0.0,0.0,0.0,0.0
386,1361446063874392065,1.0,1.0,0.0,0.0,0.87,0.0,0.0,0.0,0.0
387,1320171223817555969,0.0,1.0,0.9,0.6,0.4,0.0,0.0,0.2,0.0
388,1356704123903758336,0.0,0.0,0.95,0.83,0.96,0.0,0.0,0.21,0.0
389,1326903420964450309,0.0,1.0,0.8,0.0,0.83,0.0,0.0,0.18,0.0
390,1372380359539752961,1.0,1.0,0.0,0.0,0.82,0.0,0.0,0.0,0.0
391,1375422911180333057,0.0,0.0,0.0,0.0,0.8,0.0,0.0,0.6,0.0
392,1375804657205977089,0.0,0.0,0.9,0.88,0.92,0.0,0.0,0.98,0.0
393,1318973446886477825,1.0,0.0,0.0,0.0,0.73,0.0,0.0,0.0,0.0
394,1375516852877553664,1.0,1.0,0.0,0.0,0.83,0.0,0.0,0.0,0.0
395,1351613001703563265,0.0,0.0,0.8,0.9,0.7,0.0,0.0,0.4,0.0
396,1319276575985004544,0.0,1.0,0.83,0.6,0.4,0.0,0.1,0.5,0.0
397,1361787849666871299,0.0,1.0,0.87,0.95,0.83,0.0,0.0,0.32,0.0
398,1375757068708233218,1.0,0.0,0.0,0.0,1.0,0.0,0.0,0.0,0.0
399,1316691554455748609,1.0,1.0,0.0,0.0,0.75,0.0,0.0,0.25,0.0
400,1372362130989715457,1.0,0.0,0.0,0.0,0.03,0.0,0.0,0.0,0.0
401,1355988601402650624,0.0,0.0,1.0,1.0,1.0,0.0,0.0,1.0,0.0
402,1364270689402806274,0.0,0.0,0.0,0.01,0.99,0.0,0.0,0.5,0.0
403,1361436059637342214,0.0,0.0,0.87,0.93,0.0,0.0,0.0,0.07,0.0
404,1366231979495153664,1.0,1.0,0.0,0.0,0.8,0.0,0.0,0.2,0.0
405,1365488332554313730,1.0,0.0,0.0,0.0,0.7,0.0,0.0,0.0,0.0
406,1323592045995450372,1.0,0.0,0.0,0.0,0.8,0.0,0.0,0.4,0.0
407,1323834754647629824,1.0,0.0,0.0,0.0,0.8,0.0,0.0,0.0,0.0
408,1374402763107438592,1.0,0.0,0.0,0.0,0.4,0.0,0.0,0.0,0.0
409,1323352789142007808,0.0,0.0,0.87,0.83,0.67,0.0,0.0,0.33,0.0
410,1374452083663855616,1.0,1.0,0.0,0.0,0.8,0.0,0.0,0.0,0.0
411,1357955823087935492,0.0,0.0,0.0,0.0,1.0,0.0,0.0,0.0,0.0
412,1324011733854412802,1.0,0.0,0.0,0.0,0.93,0.0,0.0,0.0,0.0
413,1315074511520387072,1.0,0.0,0.0,0.0,0.83,0.0,0.33,0.0,0.0
414,1374544916186009603,1.0,0.0,0.0,0.8,0.4,0.0,0.0,0.0,0.0
415,1359262009137725442,1.0,1.0,0.0,0.0,0.8,0.0,0.0,0.6,0.0
416,1370040795902980096,1.0,0.0,0.0,0.0,1.0,0.0,0.0,0.0,0.0
417,1370230168955019266,0.0,0.0,0.91,0.83,0.64,0.0,0.0,0.19,0.0
418,1349075187606704132,0.0,0.0,0.0,0.0,0.92,0.0,0.0,0.08,0.0
419,1372880585706852352,0.0,1.0,0.0,0.0,1.0,0.0,0.0,0.0,0.0
420,1374153920864473091,0.0,1.0,0.0,0.0,0.5,0.0,0.0,0.17,0.0
421,1348813350709424129,0.0,0.0,0.8,0.6,0.0,0.0,0.0,0.2,0.0
422,1367643381690552322,0.0,0.0,0.98,0.02,0.0,0.0,0.0,0.0,0.0
423,1356735395380277254,0.0,0.0,0.95,0.85,0.9,0.0,0.0,0.2,0.0
424,1338666593296015363,1.0,1.0,0.0,0.0,0.63,0.0,0.0,0.0,0.0
425,1335777490393047041,0.0,0.0,0.0,0.0,0.92,0.0,0.8,0.0,0.18
426,1366758480628047875,0.0,1.0,0.0,0.0,1.0,0.0,0.0,0.5,0.0
427,1355264845420003328,0.0,1.0,,,,,,,
428,1343965490167902208,0.0,1.0,0.8,0.9,0.7,0.0,0.0,0.4,0.0
429,1350213482981986306,1.0,0.0,0.0,0.0,0.91,0.0,0.0,0.0,0.0
430,1375817150905081859,0.0,0.0,0.83,0.0,0.67,0.0,0.0,0.17,0.0
431,1374722583535480833,1.0,0.0,0.0,0.92,0.95,0.0,0.0,0.03,0.0
432,1353830968675586054,1.0,1.0,0.0,0.0,0.5,0.0,0.0,0.0,0.0
433,1355739223618441218,1.0,0.0,0.0,0.0,0.08,0.0,0.0,0.92,0.0
434,1327234766421319680,0.0,1.0,0.82,0.0,1.0,0.0,0.0,0.63,0.0
435,1361116209765212162,0.0,1.0,0.0,0.04,0.91,0.0,0.0,0.99,0.0
436,1332954700912660480,0.0,1.0,0.83,0.42,0.88,0.0,0.0,0.28,0.0
437,1339712334776963074,1.0,0.0,0.0,0.0,0.8,0.0,0.0,0.0,0.0
438,1323824410957107206,1.0,0.0,0.0,0.0,0.67,0.0,0.0,0.0,0.0
439,1356585922675015683,0.0,0.0,0.0,0.87,0.98,0.0,0.0,0.13,0.0
440,1329727492731645957,0.0,0.0,0.0,0.0,1.0,0.0,0.0,0.0,0.0
441,1354841218396663811,0.0,0.0,0.83,0.42,0.0,0.0,0.0,0.33,0.0
442,1349302257142145029,0.0,1.0,0.0,0.71,0.29,0.0,0.0,0.0,0.0
443,1351258786737115136,0.0,0.0,1.0,0.8,0.2,0.0,0.0,0.5,0.0
444,1365671797971156992,0.0,1.0,0.0,0.0,1.0,0.0,0.0,0.0,0.0
445,1372246390856814598,0.0,0.0,0.83,0.92,0.42,0.0,0.0,0.17,0.0
446,1315655252427841536,1.0,0.0,0.0,0.9,0.8,0.0,0.0,0.2,0.0
447,1361704232274034690,1.0,0.0,0.0,0.0,0.9,0.0,0.0,0.3,0.0
448,1360652786216632323,0.0,0.0,0.0,0.9,1.0,0.0,0.0,0.3,0.0
449,1370111866610057217,0.0,0.0,0.0,0.0,0.98,0.0,0.0,0.2,0.0
450,1314277479255887880,1.0,1.0,0.0,0.0,0.92,0.0,0.0,0.0,0.0
451,1330948094456840192,0.0,0.0,0.0,0.0,0.67,0.0,0.0,0.33,0.0
452,1367139019457503233,0.0,0.0,0.83,0.0,0.67,0.0,0.0,0.17,0.0
453,1375568644017639428,1.0,1.0,0.0,0.0,1.0,0.0,0.0,0.0,0.0
454,1355645535147995136,1.0,0.0,0.0,0.0,0.8,0.0,0.0,0.2,0.0
455,1375537874750300166,1.0,1.0,0.0,0.0,0.0,0.0,0.0,0.92,0.0
456,1323825865474691074,1.0,0.0,0.0,0.0,0.9,0.0,0.0,0.0,0.0
457,1332617748774596609,0.0,0.0,0.0,0.0,0.6,0.0,0.0,0.3,0.0
458,1350537000298934272,1.0,0.0,0.0,0.0,0.83,0.0,0.0,0.0,0.0
459,1350228326728790018,1.0,0.0,0.0,0.0,0.8,0.0,0.0,0.2,0.0
460,1375259256157519874,1.0,1.0,0.0,0.0,0.0,0.0,0.0,0.4,0.0
461,1315604387608367106,1.0,0.0,0.0,0.0,1.0,0.0,0.0,0.0,0.0
462,1372383058788241408,1.0,1.0,0.0,0.0,0.57,0.0,0.0,0.0,0.0
463,1338925640171593731,1.0,0.0,0.0,0.0,0.9,0.0,0.0,0.0,0.0
464,1374389701176483854,1.0,0.0,0.0,0.0,0.96,0.0,0.0,0.0,0.0
465,1331389609566220290,1.0,0.0,0.0,0.0,0.8,0.0,0.0,0.0,0.0
466,1352546743003607043,1.0,0.0,0.0,0.93,0.67,0.0,0.0,0.33,0.0
467,1334946604768403456,0.0,0.0,0.0,0.0,0.8,0.0,0.0,0.0,0.0
468,1357418653864501249,0.0,0.0,0.0,0.92,0.98,0.0,0.0,0.02,0.0
469,1358412639391604738,0.0,0.0,0.95,0.85,0.8,0.0,0.0,0.65,0.0
470,1353187181859233793,0.0,0.0,0.0,0.93,0.97,0.0,0.0,0.03,0.0
471,1374445752257155082,1.0,1.0,0.0,0.0,0.8,0.0,0.0,0.0,0.0
472,1361064792463663104,1.0,0.0,0.0,0.0,0.9,0.0,0.0,0.0,0.0
473,1331818147582779398,0.0,1.0,0.81,0.45,0.91,0.0,0.0,0.1,0.0
474,1372192708341637121,1.0,0.0,0.0,0.0,0.83,0.0,0.0,0.0,0.0
475,1344337555530006530,0.0,0.0,0.0,0.0,0.81,0.0,0.0,0.21,0.0
476,1367584679751163905,1.0,1.0,0.0,0.0,0.83,0.0,0.0,0.0,0.0
477,1364777660568596483,1.0,0.0,0.0,0.0,0.9,0.0,0.0,0.8,0.0
478,1361726762623897613,1.0,0.0,0.0,0.0,0.92,0.0,0.0,0.1,0.0
479,1364787110868312068,0.0,1.0,0.0,0.0,0.8,0.0,0.0,0.4,0.0
480,1343139165014208512,0.0,0.0,0.85,0.0,0.6,0.0,0.0,0.15,0.0
481,1366018563476238342,1.0,0.0,0.0,0.0,0.93,0.0,0.0,0.0,0.0
482,1370066040814714880,1.0,0.0,0.0,0.0,1.0,0.0,0.0,0.0,0.0
483,1369654573447712768,1.0,0.0,0.0,0.0,1.0,0.0,0.0,1.0,0.0
484,1368210341851758597,1.0,0.0,0.0,0.0,0.92,0.0,0.0,0.0,0.0
485,1375886605555097603,1.0,1.0,0.0,0.0,0.83,0.0,0.0,0.23,0.0
486,1374684811789545475,1.0,0.0,0.0,0.0,0.9,0.0,0.0,0.0,0.0
487,1324402928262750208,1.0,0.0,0.0,0.0,0.5,0.0,0.0,0.0,0.0
488,1375430257969348610,1.0,0.0,0.0,0.0,0.01,0.0,0.0,0.41,0.0
489,1367318945846472709,0.0,1.0,0.98,0.95,0.05,0.0,0.0,0.75,0.0
490,1315655571949973507,1.0,0.0,0.0,0.83,0.92,0.0,0.0,0.17,0.0
491,1343603429969694722,0.0,0.0,0.9,0.95,0.85,0.0,0.0,0.8,0.0
492,1362456353747386368,0.0,0.0,0.8,0.9,0.7,0.0,0.0,0.3,0.0
493,1361343024517820424,1.0,0.0,0.0,0.0,0.55,0.0,0.0,0.0,0.0
494,1346976662878003200,0.0,0.0,0.0,0.0,0.5,0.0,0.0,0.0,0.0
495,1354881936519528448,0.0,0.0,1.0,0.8,1.0,0.0,0.0,0.2,0.0
496,1374277201202458624,0.0,0.0,0.0,0.85,0.95,0.0,0.0,0.0,0.0
497,1369743613249413124,1.0,0.0,0.0,0.0,0.9,0.0,0.0,0.1,0.0
498,1375482916805939201,1.0,1.0,0.0,0.0,1.0,0.0,0.0,0.0,0.0
499,1361009698179330057,0.0,0.0,0.8,0.4,0.0,0.0,0.0,0.6,0.0
500,1375161020637925380,1.0,1.0,0.0,0.0,0.8,0.0,0.0,0.0,0.0
501,1356360100559122432,1.0,0.0,0.0,0.0,0.88,0.0,0.0,0.0,0.0
502,1330847745599483906,1.0,1.0,0.0,0.0,1.0,0.0,0.0,0.0,0.0
503,1335935818360303618,0.0,1.0,0.83,0.9,0.7,0.0,0.0,0.6,0.0
504,1358026995301498883,0.0,0.0,0.0,0.0,0.93,0.0,0.0,0.0,0.0
505,1374453666980143104,1.0,0.0,0.0,0.0,0.08,0.0,0.0,0.28,0.0
506,1372188257744785415,1.0,0.0,0.0,0.0,0.1,0.0,0.0,0.0,0.0
507,1370054901397663752,1.0,0.0,0.0,0.0,1.0,0.0,0.0,0.0,0.0
508,1371642375836114945,0.0,0.0,0.83,0.95,0.53,0.0,0.0,0.15,0.0
509,1338282630379433987,1.0,1.0,0.0,0.0,1.0,0.0,0.0,0.0,0.0
510,1325766368168464384,1.0,0.0,0.0,0.0,0.67,0.0,0.0,0.33,0.0
511,1375090907331051533,1.0,0.0,0.0,0.0,1.0,0.0,0.0,0.0,0.0
512,1372363139677892608,1.0,0.0,0.0,0.0,0.2,0.0,0.0,0.0,0.0
513,1346120904246439936,0.0,0.0,0.0,0.0,0.8,0.0,0.0,0.3,0.0
514,1335834250411577344,0.0,0.0,0.0,0.0,0.8,0.0,0.0,0.2,0.0
515,1374697208231116809,1.0,0.0,0.0,0.0,0.8,0.0,0.0,0.0,0.0
516,1321143149763448832,0.0,0.0,0.9,0.8,0.6,0.0,0.0,0.2,0.0
517,1347932676188155904,1.0,0.0,0.0,0.0,0.9,0.0,0.0,0.0,0.0
518,1364638614240583680,0.0,0.0,0.83,0.67,0.5,0.0,0.0,0.33,0.0
519,1319413497051017216,0.0,0.0,0.87,0.23,0.96,0.0,0.0,0.83,0.0
520,1352017029751066624,1.0,0.0,0.0,0.0,0.5,0.0,0.0,0.2,0.0
521,1339284916169748481,0.0,0.0,0.8,0.3,0.9,0.0,0.0,0.4,0.0
522,1318954160335847424,0.0,0.0,0.0,0.0,0.83,0.0,0.0,0.0,0.0
523,1354917816630173697,0.0,0.0,0.92,0.04,0.74,0.0,0.0,0.08,0.0
524,1364033862918094848,1.0,1.0,0.0,0.0,0.0,0.0,0.0,0.0,0.0
525,1370087444062814210,1.0,0.0,0.0,0.0,1.0,0.0,0.0,0.0,0.0
526,1361073639802740738,1.0,0.0,0.0,0.0,0.6,0.0,0.0,0.0,0.0
527,1318566615533854720,0.0,1.0,0.63,0.0,0.88,0.0,0.0,0.13,0.0
528,1374337701600583680,1.0,0.0,0.0,0.0,0.9,0.0,0.0,0.1,0.0
529,1347898133888577543,0.0,1.0,0.0,0.93,0.91,0.0,0.0,0.07,0.0
530,1358165191985299456,0.0,0.0,0.0,0.9,0.95,0.0,0.0,0.05,0.0
531,1356467456315961346,0.0,1.0,0.0,0.0,1.0,0.0,0.0,0.0,0.0
532,1369027178701197314,1.0,0.0,0.0,0.0,1.0,0.0,0.0,0.0,0.0
533,1362907714318344192,1.0,0.0,0.0,0.0,0.8,0.0,0.0,0.4,0.0
534,1332893674242338817,1.0,1.0,0.0,0.0,0.9,0.0,0.0,0.2,0.0
535,1366900226406182913,1.0,1.0,0.0,0.0,1.0,0.0,0.0,0.0,0.0
536,1357917464022106114,0.0,0.0,0.0,0.01,0.99,0.0,0.0,0.0,0.0
537,1358415780698857472,0.0,0.0,0.95,0.85,0.6,0.0,0.0,0.55,0.0
538,1375923983225290753,1.0,0.0,0.0,0.0,0.0,0.0,0.0,0.5,0.0
539,1346915417722261504,0.0,1.0,0.5,0.83,0.0,0.0,0.0,0.0,0.0
540,1370789768313847810,0.0,1.0,0.95,0.98,0.02,0.0,0.0,0.2,0.0
541,1322867250991304705,1.0,0.0,0.0,0.0,0.5,0.0,0.0,0.33,0.0
542,1357350371358875649,0.0,1.0,0.0,0.8,1.0,0.0,0.0,0.9,0.0
543,1326853530565664769,1.0,0.0,0.0,0.0,0.8,0.0,0.0,0.2,0.0
544,1372705344330244097,1.0,0.0,0.0,0.0,0.92,0.0,0.0,0.43,1.0
545,1370067414755418114,0.0,0.0,0.0,0.96,0.94,0.0,0.0,0.1,0.0
546,1360030511012405250,0.0,0.0,0.78,0.92,0.0,0.0,0.0,0.62,0.0
547,1375417251231277059,0.0,0.0,0.89,0.74,0.95,0.0,0.0,0.59,0.0
548,1347161515112230914,1.0,1.0,0.0,0.0,0.5,0.0,0.0,0.0,0.75
549,1351938721822748676,1.0,0.0,0.0,0.0,0.88,0.0,0.0,0.0,0.0
550,1336734114842636294,1.0,0.0,0.0,0.0,0.67,0.0,0.0,0.0,0.0
551,1354169730874159106,1.0,1.0,0.0,0.0,0.83,0.0,0.0,0.15,0.0
552,1356308060667596801,0.0,0.0,0.87,0.0,0.95,0.0,0.0,0.55,0.0
553,1317778711157051393,1.0,1.0,0.0,0.0,0.83,0.0,0.0,0.67,0.0
554,1362409896868802564,1.0,0.0,0.0,0.0,0.81,0.0,0.44,0.0,0.0
555,1317828808410615811,1.0,0.0,0.0,0.0,0.8,0.0,0.0,0.0,0.0
556,1355051117852434432,0.0,0.0,0.0,0.0,0.13,0.0,0.0,0.1,0.0
557,1361008261760245764,1.0,0.0,0.0,0.0,1.0,0.0,0.0,0.0,0.0
558,1347166575833575435,0.0,0.0,0.8,0.6,0.0,0.0,0.0,0.2,0.0
559,1338278464168792065,1.0,1.0,0.0,0.0,0.8,0.0,0.0,0.0,0.0
560,1315655488521072641,1.0,1.0,0.0,0.83,0.92,0.0,0.0,0.17,0.0
561,1323975940414865411,1.0,0.0,0.0,0.0,0.8,0.0,0.0,0.2,0.0
562,1343486676916719616,0.0,0.0,0.0,0.0,0.93,0.0,0.0,0.07,0.0
563,1374709226732457986,0.0,1.0,0.0,0.0,0.8,0.0,0.0,0.2,0.0
564,1375042992457797635,1.0,0.0,0.0,0.0,0.83,0.0,0.0,0.09,0.0
565,1367859567275614212,0.0,0.0,0.87,0.93,0.83,0.0,0.0,0.97,0.0
566,1362407911134269446,1.0,0.0,0.0,0.0,0.83,0.0,0.43,0.0,0.0
567,1342962964261818368,1.0,0.0,0.0,0.0,0.8,0.0,0.0,0.4,0.0
568,1375038940969848834,1.0,0.0,0.0,0.9,0.8,0.0,0.0,0.2,0.0
569,1346199868910362626,1.0,0.0,0.0,0.0,0.58,0.0,0.0,0.17,0.0
570,1340494892624211970,0.0,1.0,0.88,0.44,0.22,0.0,0.0,0.78,0.0
571,1372171985728503810,1.0,0.0,0.0,0.0,1.0,0.0,0.0,1.0,0.0
572,1374160123086573568,1.0,1.0,0.0,0.0,0.83,0.0,0.0,0.0,0.0
573,1350572021835591680,0.0,1.0,0.0,0.0,0.62,0.0,0.0,0.0,0.0
574,1371507002564808709,0.0,0.0,0.8,0.9,0.7,0.0,0.0,0.4,0.0
575,1354428222243565570,1.0,0.0,0.0,0.22,0.8,0.0,0.0,0.0,0.0
576,1375492753765720065,1.0,0.0,0.0,0.0,0.0,0.0,0.0,0.5,0.0
577,1339461272690192384,0.0,0.0,0.0,0.9,0.2,0.0,0.0,0.8,0.0
578,1323740382056878087,0.0,0.0,1.0,0.0,1.0,0.0,0.0,0.3,0.0
579,1327962321252098049,0.0,1.0,0.0,0.0,1.0,0.0,0.0,0.0,0.0
580,1361334649470021634,1.0,1.0,0.0,0.0,1.0,0.0,0.0,0.0,0.0
581,1361346669355425792,1.0,1.0,0.0,0.0,0.9,0.0,0.0,0.0,0.0
582,1346938151810510853,0.0,1.0,0.93,0.83,0.18,0.0,0.0,0.75,0.0
583,1365726063352025089,0.0,0.0,0.85,0.03,0.98,0.0,0.0,0.08,0.0
584,1352527240555339778,0.0,1.0,0.0,0.29,0.14,0.0,0.0,0.43,0.0
585,1330156846125096962,0.0,0.0,0.82,0.0,0.92,0.0,0.0,0.0,0.0
586,1374715361669562370,1.0,1.0,0.0,0.0,0.0,0.0,0.0,0.0,0.0
587,1326491157048778753,1.0,0.0,0.0,0.0,0.8,0.0,0.0,0.2,0.0
588,1362548554829471746,0.0,0.0,0.83,0.92,0.57,0.0,0.0,0.43,0.0
589,1356651894576398337,0.0,0.0,0.0,0.93,0.0,0.0,0.0,0.05,0.0
590,1371884350766206977,1.0,0.0,0.0,0.01,0.5,0.0,0.0,0.11,0.0
591,1315655221805187077,1.0,1.0,0.0,0.83,0.92,0.0,0.0,0.17,0.0
592,1364136322185756676,1.0,1.0,0.0,0.0,0.8,0.0,0.0,0.0,0.0
593,1347708434309914625,0.0,0.0,0.83,0.67,0.92,0.0,0.0,0.33,0.0
594,1372677908637102082,1.0,0.0,0.0,0.0,0.4,0.0,0.0,0.0,0.0
595,1334164709650493441,0.0,0.0,0.0,0.0,0.0,0.0,0.0,0.5,0.0
596,1369374117628149769,1.0,0.0,0.0,0.0,0.9,0.0,0.0,0.0,0.0
597,1350742591499874305,1.0,0.0,0.0,0.0,0.8,0.0,0.0,0.2,0.0
598,1323664296505712641,1.0,0.0,0.0,0.0,0.8,0.0,0.0,0.0,0.0
599,1356388574430658561,1.0,0.0,0.0,0.0,1.0,0.0,0.0,0.0,0.0
600,1314620139178881025,1.0,1.0,0.0,0.0,0.92,0.0,0.0,0.0,0.0
601,1331716558490570755,0.0,0.0,1.0,0.67,0.5,0.0,0.0,0.0,0.0
602,1367701541793132552,0.0,1.0,0.0,0.0,1.0,0.0,0.0,0.23,0.0
603,1338559332401733638,1.0,0.0,0.0,0.0,0.95,0.0,0.0,0.0,0.0
604,1367561489788375046,1.0,0.0,0.0,0.0,0.88,0.0,0.0,0.12,0.0
605,1352395195493580803,0.0,0.0,0.0,0.0,0.5,0.0,0.0,1.0,0.0
606,1368193081066012687,1.0,0.0,0.0,0.0,1.0,0.0,0.0,0.43,0.0
607,1318640695490580480,1.0,0.0,0.0,0.0,0.9,0.0,0.0,0.0,0.0
608,1322301402660655105,1.0,0.0,0.0,0.0,0.96,0.0,0.0,0.03,0.0
609,1369013646215569410,0.0,0.0,0.8,0.6,0.0,0.0,0.0,0.4,0.0
610,1336643236882870272,0.0,0.0,0.8,0.9,0.7,0.0,0.0,0.1,0.0
611,1324273800901464064,1.0,0.0,0.0,0.0,0.85,0.0,0.0,0.0,0.0
612,1350795999464153089,0.0,1.0,0.0,0.0,0.83,0.0,0.0,0.0,0.0
613,1324088219315654656,1.0,0.0,0.0,0.0,0.5,0.0,0.0,0.0,0.0
614,1359592977329393664,0.0,0.0,0.0,0.67,0.83,0.0,0.0,0.33,0.0
615,1366962345990324227,1.0,0.0,0.0,0.0,0.13,0.0,0.0,0.63,0.0
616,1342887380299071488,0.0,1.0,0.0,0.0,0.8,0.0,0.0,0.2,0.0
617,1367622645194264578,1.0,0.0,0.0,0.0,0.8,0.0,0.0,0.0,0.0
618,1370058009322356742,1.0,0.0,0.0,0.0,0.9,0.0,0.0,0.1,0.0
619,1373983025944481794,0.0,1.0,0.85,0.95,0.05,0.0,0.0,0.9,0.0
620,1369892941531992064,0.0,0.0,1.0,1.0,0.4,0.0,0.0,0.8,0.0
621,1315655519667916801,1.0,1.0,0.0,0.8,0.9,0.0,0.0,0.1,0.0
622,1374566374954110980,1.0,0.0,0.0,0.0,1.0,0.0,0.0,0.0,0.0
623,1315711731658829824,1.0,0.0,0.0,0.88,0.9,0.0,0.0,0.12,0.0
624,1352375696417550338,0.0,1.0,0.9,0.8,0.7,0.0,0.0,0.6,0.0
625,1325867008278355968,0.0,1.0,0.0,0.0,0.5,0.0,0.0,0.0,0.0
626,1362738516325789699,0.0,0.0,0.92,0.95,0.05,0.0,0.0,0.85,0.0
627,1339326387556151315,0.0,0.0,0.0,0.0,0.6,0.0,0.0,0.2,0.0
628,1314264927985643520,1.0,0.0,0.0,0.0,1.0,0.0,0.0,1.0,0.0
629,1368683634148990979,1.0,1.0,0.0,0.0,0.8,0.0,0.0,0.2,0.0
630,1364616947258818561,0.0,1.0,0.8,0.9,0.7,0.0,0.0,0.6,0.0
631,1333616235867680770,0.0,0.0,0.8,0.9,0.7,0.0,0.0,0.3,0.0
632,1363231750441234432,0.0,1.0,0.0,0.0,0.8,0.0,0.0,0.3,0.0
633,1316424558359048200,1.0,0.0,0.0,0.0,0.85,0.0,0.0,0.0,0.0
634,1369330413315915776,1.0,0.0,0.0,0.0,0.8,0.0,0.0,0.0,0.0
635,1374843721284456453,1.0,0.0,0.0,0.0,0.0,0.0,0.0,0.17,0.0
636,1343967366867275779,0.0,1.0,0.9,0.0,0.8,0.0,0.0,0.2,0.0
637,1356947408714797058,0.0,1.0,0.0,0.0,1.0,0.0,0.0,0.0,0.0
638,1364637006454661121,0.0,0.0,0.83,0.95,0.0,0.0,0.0,0.0,0.0
639,1356985349864525824,0.0,0.0,0.0,0.8,0.2,0.0,0.0,0.9,0.0
640,1374552703829897217,0.0,0.0,0.9,0.0,0.7,0.0,0.0,0.6,0.0
641,1319798166225620996,0.0,0.0,0.0,0.0,0.8,0.0,0.0,0.6,0.0
642,1323378473663188994,1.0,0.0,0.0,0.0,0.5,0.0,0.0,0.0,0.0
643,1329167584063877120,1.0,0.0,0.0,0.0,0.0,0.0,0.4,0.0,0.7
644,1321880158890991617,0.0,0.0,0.0,0.0,1.0,0.0,0.0,0.0,0.0
645,1325289958274428928,0.0,1.0,0.0,0.4,0.9,0.0,0.0,0.1,0.0
646,1358562094656876545,0.0,0.0,1.0,0.9,1.0,0.0,0.0,0.8,0.0
647,1364645050144202757,0.0,0.0,0.0,0.01,0.98,0.0,0.0,0.81,0.0
648,1370204122536939522,0.0,1.0,0.0,1.0,0.8,0.0,0.0,0.2,0.0
649,1371802735780233217,0.0,0.0,0.0,0.0,0.13,0.0,0.0,0.0,0.0
650,1323976696102637569,1.0,0.0,0.0,0.0,0.5,0.0,0.0,0.0,0.0
651,1349986895032291330,1.0,1.0,0.0,0.0,1.0,0.0,0.0,0.0,0.0
652,1327343019893383173,0.0,1.0,0.83,0.0,0.67,0.0,0.0,0.17,0.0
653,1358952682103398402,1.0,0.0,0.0,0.0,0.98,0.0,0.0,0.9,0.0
654,1368335314503237635,0.0,1.0,0.94,0.06,0.98,0.0,0.0,0.92,0.0
655,1329772834898501632,0.0,0.0,0.83,0.0,0.67,0.0,0.0,0.33,0.0
656,1363827407514386435,0.0,1.0,0.83,0.97,0.63,0.0,0.0,0.27,0.0
657,1319390397160980482,0.0,0.0,0.93,0.53,0.87,0.0,0.0,0.4,0.0
658,1336852389043777538,0.0,1.0,0.0,0.0,0.83,0.0,0.0,0.17,0.0
659,1323609643998879748,1.0,0.0,0.0,0.0,0.92,0.13,0.93,0.0,0.98
660,1315655284745031683,1.0,0.0,0.0,0.9,0.8,0.0,0.0,0.1,0.0
661,1360726642482585601,0.0,0.0,0.92,0.88,0.98,0.0,0.0,0.2,0.0
662,1324057252664410113,1.0,0.0,0.0,0.0,0.8,0.0,0.0,0.0,0.0
663,1354861222831644672,1.0,0.0,0.88,0.12,0.9,0.0,0.0,0.22,0.0
664,1348676651941564422,0.0,0.0,0.88,0.82,0.42,0.0,0.0,0.58,0.0
665,1315711811434565634,1.0,0.0,0.0,0.88,0.93,0.0,0.0,0.08,0.0
666,1374343272575946754,1.0,0.0,0.0,0.0,0.83,0.0,0.0,0.0,0.0
667,1364633201117782016,0.0,0.0,0.83,0.91,0.98,0.0,0.0,0.23,0.0
668,1370382136201547781,0.0,0.0,0.13,0.0,0.47,0.0,0.23,0.0,0.0
669,1322504869471813634,1.0,0.0,0.0,0.0,0.8,0.0,0.0,0.6,0.0
670,1360767951331188736,1.0,1.0,0.0,0.8,0.6,0.0,0.0,0.2,0.0
671,1372266327814049793,0.0,0.0,0.98,0.85,0.95,0.0,0.0,0.4,0.0
672,1374720661264957446,0.0,1.0,1.0,0.86,1.0,0.0,0.0,0.14,0.0
673,1361493928466391043,0.0,1.0,0.83,0.67,0.33,0.0,0.0,0.93,0.0
674,1368911467391631361,1.0,0.0,0.0,0.0,1.0,0.0,0.0,0.0,0.0
675,1375607639623671811,0.0,0.0,0.0,0.0,0.5,0.0,0.0,0.0,0.0
676,1361344803380813829,1.0,0.0,0.0,0.0,1.0,0.0,0.0,0.0,0.0
677,1327940679218192385,1.0,0.0,0.0,0.0,0.5,0.0,0.0,0.4,0.0
678,1355609696200237059,1.0,0.0,0.0,0.0,1.0,0.0,0.0,0.0,0.0
679,1374361433375436808,1.0,1.0,0.0,0.93,0.6,0.0,0.0,0.07,0.0
680,1367880730873827328,1.0,0.0,0.0,0.0,0.92,0.0,0.0,0.0,0.0
681,1346983759376125953,1.0,0.0,0.0,0.0,1.0,0.0,0.0,0.0,0.0
682,1321104758833401857,1.0,0.0,0.0,0.0,0.95,0.0,0.0,0.0,0.0
683,1315369824068005890,0.0,0.0,0.0,0.0,0.83,0.0,0.0,0.17,0.0
684,1363623799095189505,1.0,0.0,0.0,0.0,0.9,0.0,0.0,0.4,0.0
685,1322632548414083072,1.0,0.0,0.0,0.0,0.5,0.0,0.0,0.0,0.0
686,1364706430264123396,0.0,1.0,0.8,0.0,0.9,0.0,0.0,0.7,0.0
687,1366484992327622656,0.0,0.0,0.81,0.96,0.91,0.0,0.0,0.11,0.0
688,1362062491124170754,1.0,0.0,0.0,0.0,0.92,0.0,0.0,0.08,0.0
689,1333532024188116992,1.0,0.0,0.0,0.0,0.63,0.0,0.0,0.0,0.0
690,1363284939106476034,0.0,0.0,0.81,0.0,0.95,0.0,0.0,0.0,0.0
691,1372295878665404417,1.0,0.0,0.0,0.0,1.0,0.0,0.0,0.0,0.0
692,1365041005079253000,1.0,1.0,0.0,0.0,0.92,0.0,0.0,0.08,0.0
693,1344376758292934656,0.0,0.0,0.81,0.13,0.63,0.0,0.0,0.94,0.0
694,1351479939812323328,0.0,0.0,0.81,0.89,0.42,0.0,0.0,0.58,0.0
695,1340138048827379715,0.0,1.0,0.8,0.95,0.9,0.0,0.0,0.2,0.0
696,1336027200714313737,0.0,0.0,0.0,0.0,1.0,0.0,0.0,0.0,0.0
697,1342857647326961664,0.0,0.0,0.83,0.67,0.88,0.0,0.0,0.33,0.0
698,1370298806705606659,0.0,0.0,0.8,0.95,0.4,0.0,0.0,0.65,0.0
699,1320732162702733312,1.0,0.0,0.0,0.0,0.8,0.0,0.0,0.1,0.0
700,1334486617587933185,0.0,0.0,0.9,0.0,0.6,0.0,0.0,0.2,0.0
701,1362537564297568258,0.0,1.0,0.8,0.9,0.7,0.0,0.0,0.5,0.0
702,1346916067923398672,1.0,0.0,0.0,0.0,0.9,0.0,0.0,0.0,0.0
703,1373119570584743938,1.0,1.0,0.0,0.0,0.0,0.0,0.0,0.92,0.0
704,1364432732764348417,0.0,0.0,,,,,,,
705,1323841854421557249,1.0,0.0,0.0,0.0,0.85,0.0,0.0,0.0,0.0
706,1322439663576113152,0.0,0.0,0.0,0.0,0.1,0.0,0.0,0.5,0.0
707,1374419077431652364,1.0,0.0,0.0,0.0,0.8,0.0,0.0,0.2,0.0
708,1370104245266042889,1.0,1.0,0.83,0.89,0.58,0.0,0.0,0.42,0.0
709,1357804885899624449,1.0,0.0,0.0,0.0,0.92,0.0,0.0,0.0,0.0
710,1344635368528871425,0.0,0.0,0.8,0.95,0.4,0.0,0.0,0.7,0.0
711,1325891480863563783,1.0,0.0,0.0,0.0,1.0,0.0,0.0,0.0,0.0
712,1347926565070512128,0.0,0.0,0.0,0.8,0.4,0.0,0.0,0.2,0.0
713,1346517792082673664,0.0,0.0,0.83,0.92,0.42,0.0,0.0,0.67,0.0
714,1318950066942607370,1.0,0.0,0.0,0.0,0.9,0.0,0.0,0.0,0.0
715,1347386004114612229,1.0,1.0,0.0,0.0,1.0,0.0,0.0,0.0,0.0
716,1367169170614358016,0.0,0.0,0.83,0.0,0.67,0.0,0.0,0.33,0.0
717,1374355731005198338,1.0,0.0,0.0,0.9,0.4,0.0,0.0,0.1,0.0
718,1374316740121878529,1.0,1.0,0.0,0.0,0.0,0.5,0.0,0.0,0.0
719,1322994060227989505,1.0,0.0,0.0,0.0,0.83,0.0,0.0,0.0,0.0
720,1351628704267579395,0.0,0.0,0.82,0.95,0.98,0.0,0.0,1.0,0.0
721,1375447448445988866,1.0,0.0,0.0,0.0,0.0,0.0,0.0,0.0,0.0
722,1364724222627639296,0.0,0.0,0.0,0.0,1.0,0.0,0.0,0.5,0.0
723,1339440670273105920,0.0,0.0,0.0,0.0,0.8,0.0,0.0,0.2,0.0
724,1347499329456463872,0.0,0.0,0.8,0.9,0.7,0.0,0.0,0.2,0.0
725,1362580870754885636,1.0,0.0,0.0,0.0,0.92,0.0,0.0,0.0,0.0
726,1344073616284131329,0.0,1.0,0.0,0.0,1.0,0.0,0.0,0.0,0.0
727,1333897793992347653,1.0,0.0,0.0,0.0,0.67,0.0,0.0,0.0,0.0
728,1366042118930726915,0.0,0.0,0.0,0.0,1.0,0.0,0.0,0.0,0.0
729,1361663724940111873,1.0,0.0,0.0,0.0,0.95,0.0,0.0,0.0,0.0
730,1371535699795570691,0.0,1.0,1.0,0.8,0.9,0.0,0.0,0.2,0.0
731,1371589871375159296,0.0,0.0,0.93,0.67,0.83,0.0,0.0,0.33,0.0
732,1357931603872288768,0.0,0.0,0.0,0.0,1.0,0.0,0.0,0.0,0.0
733,1330377844073979904,0.0,0.0,0.0,0.0,1.0,0.0,0.0,0.0,0.0
734,1367512810381602819,0.0,0.0,0.93,0.85,0.15,0.0,0.0,0.88,0.0
735,1325114360440696834,1.0,0.0,0.0,0.0,1.0,0.0,0.0,0.0,0.0
736,1340060574928015362,1.0,0.0,0.0,0.0,0.8,0.0,0.0,0.2,0.0
737,1375303070477922304,0.0,0.0,0.87,0.93,0.07,0.0,0.0,0.77,0.0
738,1374865621960249345,0.0,0.0,0.91,0.83,0.61,0.0,0.0,0.44,0.0
739,1372925432870404098,1.0,0.0,0.0,0.0,0.83,0.0,0.0,0.17,0.0
740,1366992335008010241,0.0,0.0,0.8,0.9,1.0,0.0,0.0,0.1,0.0
741,1372169680945868808,1.0,0.0,0.0,0.0,0.0,0.0,0.0,0.5,0.0
742,1334946681444450305,0.0,0.0,0.0,0.0,1.0,0.0,0.0,0.0,0.0
743,1370056928404078592,1.0,0.0,0.0,0.0,0.8,0.0,0.0,0.0,0.0
744,1329470120620658689,0.0,0.0,0.83,0.17,1.0,0.0,0.0,0.33,0.0
745,1365003891889364997,0.0,0.0,0.0,0.0,1.0,0.0,0.0,0.0,0.0
746,1367869286073704453,1.0,0.0,0.0,0.0,1.0,0.0,0.0,0.0,0.0
747,1375846571611394050,1.0,0.0,0.0,0.0,0.4,0.0,0.0,0.0,0.0
748,1320775978533212166,1.0,0.0,0.0,0.0,0.83,0.0,0.0,0.17,0.0
749,1316117138076246017,0.0,0.0,0.0,0.0,0.8,0.0,0.0,0.2,0.0
750,1352720207412940802,0.0,0.0,0.93,0.15,0.88,0.0,0.0,0.83,0.0
751,1340680594594951169,0.0,0.0,0.22,0.85,0.94,0.0,0.0,0.09,0.0
752,1372921106793914368,0.0,0.0,0.83,0.17,0.83,0.0,0.0,0.67,0.0
753,1374530053078323202,1.0,1.0,0.0,0.0,0.92,0.0,0.0,0.0,0.0
754,1364368222938689538,0.0,0.0,0.0,0.95,1.0,0.0,0.0,0.05,0.0
755,1325817888926818306,0.0,0.0,0.0,0.0,1.0,0.0,0.0,0.0,0.0
756,1363414572556816384,0.0,1.0,0.43,0.0,0.29,0.0,0.0,0.19,0.0
757,1364324317698400256,0.0,0.0,0.92,0.0,0.8,0.0,0.0,0.04,0.0
758,1370880746190110722,0.0,1.0,0.95,0.8,0.9,0.0,0.0,0.4,0.0
759,1336717250951188480,0.0,0.0,0.83,0.92,0.88,0.0,0.42,0.13,0.0
760,1346943760177852420,0.0,0.0,0.8,0.9,0.0,0.0,0.0,0.6,0.0
761,1334967300282310664,0.0,0.0,0.95,0.05,0.6,0.0,0.0,0.3,0.0
762,1320032450291093505,1.0,0.0,0.0,0.0,0.9,0.0,0.0,0.0,0.0
763,1370099231214739461,0.0,0.0,1.0,0.8,0.9,0.0,0.0,0.5,0.0
764,1370089121692127241,0.0,0.0,0.87,0.92,0.96,0.0,0.0,0.5,0.0
765,1333504566525128709,1.0,1.0,0.0,0.0,0.9,1.0,0.5,0.0,0.8
766,1364342930643812356,1.0,1.0,0.0,0.0,1.0,0.0,0.0,0.0,0.0
767,1357691000945319946,0.0,0.0,1.0,0.0,1.0,0.0,0.0,1.0,0.0
768,1374769271872569354,1.0,0.0,0.0,0.0,0.6,0.0,0.0,0.0,0.0
769,1375556201363177483,1.0,1.0,0.0,0.0,0.85,0.0,0.0,0.0,0.0
770,1352032322267320320,0.0,0.0,0.0,0.0,0.5,0.0,0.0,0.0,0.0
771,1361106637629571073,1.0,0.0,0.0,0.0,0.93,0.0,0.0,0.0,0.0
772,1324111233327468550,1.0,0.0,0.0,0.0,0.8,0.0,0.0,0.1,0.0
773,1370865111821283329,0.0,1.0,0.96,0.83,0.97,0.0,0.0,0.78,0.0
774,1364585059131523072,1.0,1.0,0.0,0.0,0.83,0.0,0.0,0.0,0.0
775,1347155426169729029,0.0,0.0,0.0,0.93,0.88,0.0,0.0,0.07,0.0
776,1367929624345317379,0.0,0.0,0.85,0.95,0.65,0.0,0.0,0.4,0.0
777,1322285648519180288,1.0,0.0,0.0,0.0,0.0,0.0,0.0,0.9,0.0
778,1364987732431372310,1.0,1.0,0.0,0.83,0.17,0.0,0.0,0.5,0.0
779,1344302362173845505,1.0,0.0,0.0,0.0,0.58,0.0,0.0,0.0,0.0
780,1344659602407706628,0.0,0.0,0.0,0.0,1.0,0.0,0.0,0.0,0.0
781,1348716022673629187,0.0,0.0,0.8,0.9,0.7,0.0,0.0,0.4,0.0
782,1351380251411177472,1.0,0.0,0.0,0.0,1.0,0.0,0.0,0.0,0.0
783,1369766260985131010,0.0,0.0,0.9,0.95,0.85,0.0,0.0,0.1,0.0
784,1349850481892343808,1.0,0.0,0.0,0.0,0.63,0.0,0.0,0.25,0.0
785,1339958623347347464,0.0,0.0,0.87,0.63,0.93,0.0,0.0,0.13,0.0
786,1349750208268177410,0.0,0.0,0.0,0.97,0.83,0.0,0.0,0.11,0.0
787,1347042301080694789,1.0,1.0,0.0,0.0,0.99,0.0,0.0,0.96,0.0
788,1374521457879912451,1.0,0.0,0.0,0.0,0.92,0.0,0.0,0.0,0.0
789,1370197831223447552,1.0,0.0,0.92,0.85,0.93,0.0,0.0,0.08,0.0
790,1336622896119156739,0.0,0.0,0.8,0.9,0.6,0.0,0.0,0.3,0.0
791,1333088093608554498,1.0,0.0,0.0,0.0,1.0,0.0,0.0,0.0,0.0
792,1374434991447281664,1.0,0.0,0.0,0.0,0.83,0.0,0.0,0.0,0.0
793,1366780362085572609,1.0,0.0,0.0,0.8,0.9,0.0,0.0,0.1,0.0
794,1319323326498693120,1.0,0.0,0.0,0.0,0.9,0.0,0.0,0.0,0.0
795,1361631444674748418,0.0,0.0,0.0,0.83,0.42,0.0,0.0,0.17,0.0
796,1374500925973229577,1.0,1.0,1.0,1.0,1.0,0.0,0.0,0.0,0.0
797,1318172563382636544,1.0,0.0,0.0,0.0,0.5,0.0,0.0,0.0,0.0
798,1347309643173916673,0.0,0.0,0.98,0.91,0.81,0.0,0.0,0.95,0.0
799,1374453185494929410,1.0,0.0,0.0,0.0,0.83,0.0,0.0,0.0,0.0
800,1352316543640584193,0.0,0.0,1.0,1.0,0.0,0.0,0.0,0.5,0.0
801,1348676693414834176,1.0,0.0,0.6,0.8,0.4,0.0,0.0,0.1,0.0
802,1348874060625637376,0.0,1.0,1.0,0.5,1.0,0.0,0.0,1.0,0.0
803,1344464055390629888,0.0,0.0,0.8,0.9,0.7,0.0,0.0,0.2,0.0
804,1362822094539677697,1.0,0.0,0.0,0.0,0.88,0.0,0.0,0.92,0.0
805,1374551821012770816,0.0,0.0,0.82,0.42,0.0,0.0,0.0,0.22,0.0
806,1373798417319788548,1.0,1.0,0.0,0.0,0.9,0.0,0.0,0.0,0.0
807,1375524158759698437,1.0,1.0,0.0,0.0,0.5,0.0,0.8,0.0,0.0
808,1358761374269243392,1.0,1.0,0.0,0.0,0.8,0.0,0.0,0.0,0.0
809,1335392272066605056,0.0,1.0,0.0,0.0,1.0,0.0,0.0,0.0,0.0
810,1371457987420770305,0.0,0.0,0.87,0.93,0.23,0.0,0.0,0.43,0.0
811,1358162820676878336,1.0,0.0,0.0,0.0,0.0,0.0,0.0,0.01,0.0
812,1370368310051749889,1.0,0.0,0.0,0.0,0.6,0.0,0.0,0.4,0.0
813,1374813790424944650,1.0,1.0,,,,,,,
814,1358378867195535360,1.0,1.0,0.0,0.95,0.05,0.0,0.0,0.1,0.0
815,1314255501425811458,1.0,0.0,0.0,0.0,1.0,0.0,0.0,1.0,0.0
816,1315724568355647494,0.0,1.0,0.0,0.0,0.9,0.0,0.0,0.0,0.0
817,1375420607857373191,1.0,0.0,0.0,0.0,1.0,0.0,0.0,0.0,0.0
818,1357251315810902016,0.0,0.0,0.7,0.0,0.8,0.0,0.0,0.9,0.0
819,1368210531035799553,0.0,1.0,0.98,0.0,0.81,0.0,0.0,0.42,0.0
820,1318503491527151617,1.0,0.0,0.0,0.0,0.5,0.0,0.0,0.4,0.0
821,1370076078732087299,0.0,0.0,0.8,0.7,0.9,0.0,0.0,0.2,0.0
822,1347327043961319424,0.0,0.0,0.0,0.0,0.93,0.0,0.0,0.14,0.0
823,1314251711305846784,1.0,0.0,0.0,0.0,0.98,0.0,0.0,0.0,0.0
824,1314259261250244609,1.0,1.0,0.0,0.0,1.0,0.0,0.0,0.0,0.0
825,1336135836132397058,0.0,0.0,0.92,0.8,0.0,0.0,0.0,0.4,0.0
826,1374714644028358668,1.0,1.0,0.0,0.0,0.8,0.0,0.0,0.4,0.0
827,1326128756147281921,1.0,0.0,0.0,0.0,0.4,0.0,0.0,0.2,0.0
828,1366183658386821122,0.0,0.0,0.83,0.0,0.67,0.0,0.0,0.0,0.0
829,1350823638057025537,0.0,0.0,1.0,0.87,0.23,0.0,0.0,0.53,0.0
830,1356036744538427396,0.0,0.0,0.83,0.92,0.0,0.0,0.0,0.0,0.0
831,1349294240283521024,0.0,1.0,0.0,0.04,1.0,0.0,0.0,0.0,0.0
832,1363688714115964928,1.0,0.0,0.0,0.0,0.0,0.0,0.0,0.6,0.0
833,1333091373311008768,1.0,0.0,0.0,0.0,1.0,0.0,0.0,0.0,0.0
834,1325543521827364869,0.0,0.0,0.0,0.0,0.9,0.0,0.0,0.0,0.0
835,1375507344876969986,1.0,1.0,0.0,0.0,0.98,0.0,0.0,0.0,0.0
836,1369527050873233408,0.0,0.0,1.0,0.83,0.67,0.0,0.0,0.17,0.0
837,1327215922394882048,1.0,0.0,0.0,0.0,0.83,0.0,0.0,0.17,0.0
838,1321486139480592386,1.0,0.0,0.0,0.0,0.8,0.0,0.0,0.2,0.0
839,1366916749875179520,1.0,0.0,0.0,0.0,1.0,0.0,0.0,0.0,0.0
840,1372740196425293826,1.0,0.0,0.0,0.0,0.95,0.0,0.0,0.05,0.0
841,1368268654920470532,1.0,1.0,0.0,0.8,0.0,0.0,0.0,0.7,0.0
842,1374503240188919812,1.0,0.0,0.0,0.0,0.8,0.0,0.0,0.0,0.0
843,1338535655534710787,0.0,0.0,0.8,0.9,0.6,0.0,0.0,0.4,0.0
844,1349103996607340546,0.0,0.0,0.81,0.92,0.41,0.0,0.0,0.29,0.0
845,1369696629909950471,0.0,1.0,0.0,0.0,1.0,0.0,0.0,0.0,0.0
846,1362570737786245123,0.0,0.0,0.0,0.83,1.0,0.0,0.0,0.96,0.0
847,1349389412388327425,0.0,1.0,0.93,0.99,0.65,0.0,0.0,0.3,0.0
848,1315711641888186369,1.0,1.0,0.0,0.83,0.92,0.0,0.0,0.08,0.0
849,1370056912302133256,1.0,0.0,0.0,0.0,0.8,0.0,0.0,0.0,0.0
850,1338743469989388288,0.0,0.0,0.73,0.23,0.43,0.0,0.0,0.83,0.0
851,1333587944515526657,0.0,0.0,0.0,0.8,0.9,0.0,0.0,0.4,0.0
852,1348677853194321921,0.0,0.0,0.9,0.8,0.2,0.0,0.1,0.6,0.0
853,1367255222846898176,1.0,0.0,0.0,0.0,0.8,0.0,0.0,0.2,0.0
854,1370120639294623747,0.0,1.0,0.95,0.85,0.9,0.0,0.0,0.7,0.0
855,1354829144471834626,1.0,0.0,0.0,0.0,0.83,0.0,0.0,0.17,0.0
856,1374462406441635848,1.0,1.0,0.0,0.0,0.98,0.0,0.0,0.0,0.0
857,1345057612115681286,0.0,0.0,0.87,0.0,1.0,0.0,0.0,0.0,0.0
858,1374831577625157636,0.0,0.0,0.83,0.0,0.92,0.0,0.0,0.08,0.0
859,1372896199791976452,1.0,0.0,0.0,0.0,0.87,0.0,0.0,0.0,0.0
860,1356739192500473857,0.0,0.0,0.0,0.8,1.0,0.0,0.0,0.2,0.0
861,1370737065495777280,1.0,0.0,0.0,0.0,0.0,0.0,0.0,0.6,0.0
862,1357056263415300100,0.0,0.0,0.98,0.82,0.63,0.0,0.0,0.21,0.0
863,1314260560385638401,1.0,0.0,0.0,0.0,0.8,0.0,0.0,0.0,0.0
864,1375909422376042497,1.0,0.0,0.0,0.0,0.4,0.0,0.0,0.1,0.0
865,1323981778554675203,1.0,0.0,0.0,0.0,0.83,0.0,0.0,0.17,0.0
866,1338485650253877257,1.0,0.0,0.0,0.0,0.8,0.0,0.0,0.0,0.0
867,1327596447668326400,0.0,0.0,0.0,0.0,0.92,0.0,0.0,0.08,0.0
868,1362641377687912450,1.0,0.0,0.0,0.0,0.83,0.0,0.0,0.92,0.0
869,1352384047276838912,1.0,1.0,0.0,0.0,0.8,0.0,0.0,0.0,0.0
870,1357705534963613701,0.0,0.0,0.87,0.83,0.92,0.0,0.0,0.17,0.0
871,1366871201138827269,0.0,0.0,0.93,0.53,0.88,0.0,0.0,0.47,0.0
872,1362065582930149379,0.0,0.0,0.9,0.8,0.7,0.0,0.0,0.6,0.0
873,1375462072314523648,0.0,0.0,0.83,0.88,0.95,0.0,0.0,0.92,0.0
874,1361338603310317573,1.0,1.0,0.0,0.0,0.9,0.0,0.0,0.0,0.0
875,1368318933816676354,0.0,1.0,1.0,0.0,1.0,0.0,0.0,1.0,0.0
876,1364630685756121091,0.0,0.0,0.0,0.0,0.9,0.0,0.0,0.0,0.0
877,1338659411175280640,1.0,0.0,0.0,0.0,0.43,0.0,0.0,0.0,0.0
878,1358577345750306821,0.0,0.0,0.0,0.0,0.6,0.0,0.0,0.8,0.0
879,1351204775216500745,1.0,1.0,0.0,0.0,0.88,0.0,0.0,0.98,0.0
880,1331996260048531459,0.0,0.0,0.0,0.23,0.87,0.0,0.0,0.0,0.0
881,1367015744873979909,0.0,0.0,0.0,0.5,1.0,0.0,0.0,0.2,0.0
882,1364311658244505601,0.0,1.0,1.0,0.67,0.83,0.0,0.0,0.17,0.0
883,1356666453387173891,1.0,0.0,0.0,0.0,0.8,0.0,0.0,0.0,0.0
884,1370067752854171649,1.0,0.0,0.0,0.0,1.0,0.0,0.0,0.0,0.0
885,1334206930282307592,1.0,0.0,0.0,0.0,0.8,0.0,0.0,0.0,0.0
886,1364254766491193350,0.0,0.0,0.83,0.67,0.92,0.0,0.0,0.88,0.0
887,1375928842028716033,0.0,1.0,0.8,0.6,0.9,0.0,0.0,0.0,0.0
888,1315655339648389120,1.0,0.0,0.0,0.92,0.94,0.0,0.0,0.4,0.0
889,1368208634606284800,1.0,0.0,0.0,0.0,0.93,0.0,0.0,0.0,0.0
890,1374368109755297796,1.0,0.0,0.0,0.8,0.9,0.0,0.0,0.0,0.0
891,1346718979587452929,0.0,0.0,0.83,0.92,0.11,0.0,0.0,0.67,0.0
892,1366493428851363840,0.0,0.0,0.0,0.8,0.9,0.0,0.0,0.1,0.0
893,1351697115953696769,0.0,0.0,0.87,0.93,0.83,0.0,0.0,0.53,0.0
894,1374459890933010458,0.0,0.0,0.0,0.0,1.0,0.0,0.0,0.43,0.0
895,1367176019925467137,0.0,0.0,0.83,0.92,0.0,0.0,0.0,0.08,0.0
896,1325808623692476417,0.0,1.0,0.0,0.0,1.0,0.0,0.0,0.0,0.0
897,1371860774235291653,1.0,0.0,0.0,0.0,0.8,0.0,0.0,0.9,0.0
898,1323865629749846016,1.0,0.0,0.0,0.0,0.4,0.0,0.0,0.0,0.0
899,1364689569321418755,0.0,0.0,0.92,0.16,0.96,0.0,0.0,0.68,0.0
900,1362379697762365440,0.0,1.0,0.9,0.0,0.8,0.0,0.0,0.4,0.0
901,1375070409842774023,1.0,1.0,0.0,0.0,0.83,0.0,0.0,0.0,0.0
902,1346552713564147712,0.0,0.0,0.83,0.92,0.98,0.0,0.0,0.76,0.0
903,1374204283030212608,1.0,0.0,0.0,0.0,1.0,0.0,0.0,0.0,0.0
904,1370087264240476171,1.0,0.0,0.0,0.0,1.0,0.0,0.0,0.0,0.0
905,1335722441746870272,0.0,0.0,0.83,0.0,0.67,0.0,0.0,0.17,0.0
906,1358411499606339585,0.0,0.0,0.8,0.9,0.7,0.0,0.0,0.2,0.0
907,1338486015028236289,1.0,0.0,0.0,0.02,0.5,0.0,0.0,0.48,0.0
908,1370381053823758336,0.0,1.0,0.8,0.9,0.7,0.0,0.0,0.6,0.0
909,1364668179067248640,0.0,0.0,0.0,0.1,0.8,0.0,0.0,0.2,0.0
910,1371597099104661504,0.0,0.0,0.0,0.03,0.93,0.0,0.0,0.67,0.0
911,1335594328492658691,0.0,0.0,0.92,0.98,0.22,0.0,0.0,0.82,0.0
912,1362517639843770368,1.0,1.0,0.0,0.0,0.9,0.0,0.0,0.1,0.0
913,1332819729627615232,0.0,0.0,0.81,0.0,0.62,0.0,0.0,0.41,0.0
914,1358817572989394944,1.0,0.0,0.0,0.75,1.0,0.0,0.0,0.25,0.0
915,1347190024782024704,0.0,0.0,0.0,0.93,0.88,0.0,0.0,0.17,0.0
916,1342455374499209217,1.0,0.0,0.0,0.0,0.96,0.0,0.0,0.0,0.0
917,1346928230876520453,0.0,1.0,,,,,,,
918,1348993865877884928,0.0,0.0,0.98,0.93,0.85,0.0,0.0,0.12,0.0
919,1375886949806919684,0.0,1.0,0.93,0.81,0.41,0.0,0.0,0.18,0.0
920,1320660356621062149,1.0,0.0,0.0,0.0,0.6,0.0,0.0,0.0,0.0
921,1375605998854021129,1.0,1.0,0.0,0.0,1.0,0.0,0.0,0.0,0.0
922,1349520313176870914,0.0,0.0,0.0,0.0,1.0,0.0,0.0,0.0,0.0
